Public_Key,Private_Key
0x033c007add93008949e50420cb8cb719f1437b3d,0xe68dcb483578c71ec83dabfb6bd5084c8da683d82571f3543a278c6dc5520c89
0x1adc1efb2e45e4465f1d7dbe861fe108377d0d64,0x1d8af7e6361ff3b825f32cb5292b6522113aca560a446e0954d093b61df753d7
0x279e295979c94b3a6f4602f35cad8660bff762db,0xd55f8e64fead16448851ade549eb6157fd893aff50e94905753ca2e5790ea029
0x3ec844a79db1f0371cacf5b63b4cc9a42a2dfa8e,0xa01c08526930d4bd61040788c393f9f1e76ebc1fb3b78993b3a4ea2969689771
0x5ca4b4d85d68b21571b7a1cd6b77f3fce7de15e5,0x2b42885b157248b018ec95effb57bb2df3d94e85d03a571c5f0ac8a38c4aaea8
0x5ee364876ad13587ac27ee3b2b1251147c3797ca,0x7cc45fff7c7238c3d02fc92fe8de27226f264a2ea614083363e3bb2dbf5a42d3
0x704340fb15e92cb0850b490ad1ee72ee1fa06a5e,0x04c5d4f1dd2a42e765cc8df8125b9f6b27b3df43e87c936c6518968c48d55b48
0x77ddc945a34a09d9b3f598bb84df9a47326c0514,0x930816f42d23b6c931439760532bde1769445719c8f8afa2670a3604926b3dce
0x7f9c49ebb106e62d1bfdf305212a8e3a618e5541,0xf232046a344d99c38e21dec5578e7a9c86a9379bb0eeeb5595803ebe3824f676
0x80863526c055f767a2840ec6fd029ecbefb91203,0xb798bd4abfe2790dc9eaa0cf85e2d813572f4fa8272e9ef953e6c234963b5757
0x8460ba423ced5cb2f8618f3c0402779750996b6c,0xd2e07ec94dc623a00d4ee5637efab895918482d4c8fc54273344f8cd7f8f8b81
0x8656c932ec452b56dc30d7520411c609cef37be8,0x05950e0dd95818e2662788547185b1c68e2ec669b6b43e1916fcadab16a17176
0x8f142be32db4ba3e39980488217ab182d9764b10,0x7a5c9250b39e573c7909c859bf4b05a50a5dc9cc0e668e9a8c1ab9de1c7ef071
0x976b206e4ab8a620bc60c7cfdd5bdae24122188f,0xadb01031fa941e938e3c38e0338f44a0225589bae25910becd18d539aee8c60f
0x9e0cc13250ced5c7dc887c3002fda9ee716c865b,0x86ecfc743d5efa912506db412d2f83eda6d63971fa0f5203b70d8aaec61a30a2
0xa6244cdb6695c3ba1ec1b755191dde1918fb3a0a,0x315e04dbffbf37938e0442f6fea7fbbff34c99d98a4fa1c904ed239295ec25dc
0xa9179cb6dc3d9a72120cc33be8d04070318c396f,0x7a084d1ff1e19243c36e8ee03aa832fc56ec05a3047992de7a397157cb05935b
0xaf485edc5e3945931bf3dd97f236bee3288c5da9,0xbbd05e615425e2db4493b54ee2445fa7e56041bd83007353089a1513d841db89
0xafab35a28c17797182cb32d3b4322227b5f29052,0x895d049e94a6bb3d02293213853e389b4c13f053bafdd1a1e48f597edc6e86f3
0xb10a8dab74e7f1d4c055bb04ace0e2dfe1d9cc46,0x18dd9012778e383758b2adaba9383732b38173781be1c243d31a4b16d6a9d399
0xd653532ef4937ec9b6e5ac84963d4ce2eaa8eb1f,0x9f9be07afff4ad468f1cb15170dc00893454b21d2fb75aa46844354be6211383
0xe127a86fd1ca1436c0beea839bde9c2d1a283844,0xbe2572369208ca08e8f959fed902cfffba5ba265554b7c6162cf37562d9f26f0
0xea8578b7bfebcd1f28667eec27230db7a9b3a678,0x61dcd9580af184a9e4947be0aed699f301a880dd6b8dce51e7b2a46b83c3f7df
0xf605b41d896d9031ca9390d3211f02bbe8fd9e26,0x1f8dfd194471b7ec894ba67faeea58303711150c16c4942a1e89d2ec4f53d67e
0x90cF18fE951c1464f62A73AfAcB364989b4aB4a5,0x9b833e0a315a88032cd757a4d3b777461da15fed0aeae5ac4bbbf3a4e6e47d4