time,commits_tot,pending_tx_rate,reject_tot,block_num_tot,msg_sent_rate,blocks_count,pending_tx_tot,tx_in_process_rate,rest_api_batch_rate,commits_rate,msg_receive_rate,tx_exec_rate,reject_rate,block_num_rate,test#
1620453500,1124.75,0.475,0.0,233.75,59.2,234.75,0.5,0.5,3.6,5.0,287.0,6.025,0.0,1.0,1
1620453510,1174.75,0.475,0.0,243.75,60.6,244.75,0.0,0.5,3.579999999999996,5.0,291.7,6.1,0.0,1.0,1
1620453520,1223.5,0.05,0.0,253.5,59.8,254.5,0.5,0.2,3.5700000000000047,4.875,291.2,6.175,0.0,0.975,1
1620453530,1273.5,0.25,0.0,263.5,60.8,264.5,3.0,0.2,3.5599999999999907,5.0,296.6,6.1875,0.0,1.0,1
1620453540,1322.0,0.25,0.0,273.25,60.1,274.5,0.0,0.3,3.670000000000005,4.85,292.4,6.175,0.0,0.975,1
1620453550,1369.75,0.0,0.0,282.75,58.7,284.25,0.0,0.3,3.8200000000000047,4.775,285.5,6.125,0.0,0.95,1
1620453560,1416.0,0.0,0.0,292.0,58.7,293.0,0.0,0.0,4.239999999999986,4.625,285.5,11.741666666666664,0.0,0.925,1
1620453570,1457.25,0.375,0.0,300.25,460.2,301.25,3.75,0.0,4.7,4.125,1971.9,11.741666666666664,0.0,0.825,1
1620453580,1506.0,0.0,0.0,310.0,57.7,311.0,3.75,0.0,4.9100000000000135,4.875,277.6,11.504166666666665,0.0,0.975,1
1620453590,1553.5,0.125,0.0,319.5,60.0,321.0,5.0,0.0,4.9,4.75,293.3,5.95,0.0,0.95,1
1620453600,1602.25,0.0,0.0,329.25,59.1,330.5,5.0,0.0,4.9,4.875,287.8,6.1875,0.0,0.975,1
1620453610,1652.25,0.0,0.0,339.25,59.7,340.25,2.25,0.0,4.9,5.0,289.3,6.0625,0.0,1.0,1
1620453620,1702.25,0.0,0.0,349.25,60.5,350.25,0.25,0.4,4.879999999999996,5.0,294.4,6.0625,0.0,1.0,1
1620453630,1751.0,0.0,0.0,359.0,60.3,360.25,0.0,0.4,4.879999999999996,4.875,293.1,6.1875,0.0,0.975,1
1620453640,1799.75,0.0,0.0,368.75,59.7,370.0,0.0,0.0,4.9,4.875,291.6,6.1875,0.0,0.975,1
1620453650,1847.25,0.0,0.0,378.25,58.8,379.75,0.0,0.0,4.860000000000014,4.75,285.6,6.1125,0.0,0.95,1
1620453660,1897.25,0.1,0.0,388.25,59.6,389.25,1.0,0.0,4.8699999999999815,5.0,290.9,6.0625,0.0,1.0,1
1620453670,1942.25,0.1,0.0,397.25,54.9,398.25,0.25,0.2,4.9,4.5,271.3,5.825,0.0,0.9,1
1620453680,1951.0,0.05,0.0,399.0,12.8,400.0,0.75,0.2,4.8800000000000185,0.875,107.1,3.625,0.0,0.175,1
1620453690,1951.0,0.0,0.0,399.0,0.0,400.0,0.75,0.0,4.889999999999986,0.0,52.7,0.8125,0.0,0.0,1
1620453700,1951.0,0.0,0.0,399.0,0.6,400.0,0.75,0.0,4.8900000000000095,0.0,52.8,0.0,0.0,0.0,1
1620453710,2093.25,0.875,0.0,402.0,93.3,403.5,9.5,0.0,4.879999999999996,14.225,566.9,10.0375,0.0,0.3,1
1620453720,2192.25,0.875,0.0,411.25,76.9,412.25,0.0,0.0,4.9,9.9,400.7,15.5,0.0,0.925,1
1620453730,2241.0,0.0,0.0,421.25,60.5,422.25,0.0,0.1,4.9,4.875,294.4,8.525,0.0,1.0,1
1620453740,2284.333333333333,0.0,0.0,429.6666666666667,60.5,430.6666666666667,0.0,0.1,4.8800000000000185,4.333333333333348,294.4,8.525,0.0,0.8416666666666686,1
1620453750,2324.75,0.075,0.0,437.75,754.9,439.0,0.75,0.5,4.909999999999991,4.041666666666652,3379.9,9.854166666666677,0.0,0.8083333333333315,1
1620453760,2374.75,0.4,0.0,447.75,60.2,448.75,4.75,0.5,4.8900000000000095,5.0,291.5,9.854166666666677,0.0,1.0,1
1620453770,2424.0,0.4,0.0,457.5,59.9,458.5,4.5,0.0,4.9,4.925,292.3,6.15,0.0,0.975,1
1620453780,2473.75,0.4,0.0,466.75,59.2,468.0,1.5,0.5,4.9,4.975,294.5,6.3,0.0,0.925,1
1620453790,2524.75,0.4,0.0,476.75,60.6,477.75,0.0,0.5,4.879999999999972,5.1,291.4,6.325,0.0,1.0,1
1620453800,2573.5,0.0,0.0,486.5,60.2,487.5,0.0,0.0,4.870000000000028,4.875,294.1,6.225,0.0,0.975,1
1620453810,2622.25,0.0,0.0,496.25,60.0,497.25,0.0,0.0,4.9,4.875,294.5,6.25,0.0,0.975,1
1620453820,2669.75,0.0,0.0,505.75,61.2,506.75,0.0,0.0,4.9,4.75,302.6,6.5125,0.0,0.95,1
1620453830,2718.5,0.05,0.0,515.5,59.7,516.5,0.5,0.5,4.889999999999963,4.875,293.2,6.4375,0.0,0.975,1
1620453840,2764.75,0.15,0.0,524.75,58.2,526.25,2.0,0.0,4.8800000000000185,4.625,283.9,6.0625,0.0,0.925,1
1620453850,2814.75,0.3,0.0,534.75,59.0,535.75,5.0,0.0,4.8800000000000185,5.0,285.2,6.0,0.0,1.0,1
1620453860,2865.25,0.3,0.0,544.5,61.2,545.5,3.0,0.4,4.9,5.05,301.8,6.25,0.0,0.975,1
1620453870,2914.75,0.3,0.0,553.75,60.1,555.25,0.0,0.1,4.889999999999963,4.95,295.7,6.475,0.0,0.925,1
1620453880,2964.75,0.0,0.0,563.75,58.9,564.75,0.0,0.1,4.860000000000037,5.0,286.4,6.225,0.0,1.0,1
1620453890,3013.5,0.0,0.0,573.5,59.8,574.75,0.0,0.0,4.889999999999963,4.875,288.0,6.0625,0.0,0.975,1
1620453900,3062.25,0.0,0.0,583.25,59.6,584.5,0.0,0.0,4.8900000000000095,4.875,292.5,6.125,0.0,0.975,1
1620453910,3109.75,0.0,0.0,592.75,57.6,593.75,0.0,0.0,4.9,4.75,282.0,6.0,0.0,0.95,1
1620453920,3159.75,0.0,0.0,602.75,59.9,603.75,0.0,0.0,4.859999999999991,5.0,289.4,5.9375,0.0,1.0,1
1620453930,3208.25,0.025,0.0,612.5,59.5,613.5,0.25,0.0,4.8800000000000185,4.85,289.8,6.05,0.0,0.975,1
1620453940,3254.5,0.0,0.0,621.75,57.8,623.25,0.25,0.0,4.8900000000000095,4.625,282.8,6.05,0.0,0.925,1
1620453950,3304.75,0.4,0.0,631.75,59.6,632.75,4.25,0.0,4.9,5.025,289.1,6.0125,0.0,1.0,1
1620453960,3354.0,0.025,0.0,641.5,59.9,642.5,4.5,0.5,4.8900000000000095,4.925,292.6,6.1,0.0,0.975,1
1620453970,3403.75,0.025,0.0,650.75,60.8,652.25,1.0,0.5,4.8699999999999815,4.975,302.7,6.475,0.0,0.925,1
1620453980,3454.75,0.025,0.0,660.75,59.2,661.75,0.0,0.3,4.8900000000000095,5.1,286.2,6.35,0.0,1.0,1
1620453990,3503.5,0.0,0.0,670.5,59.9,671.5,0.0,0.3,4.8900000000000095,4.875,290.2,6.05,0.0,0.975,1
1620454000,3551.0,0.0,0.0,680.25,59.9,681.5,0.0,0.3,4.879999999999972,4.75,292.6,6.1625,0.0,0.975,1
1620454010,3599.75,0.0,0.0,689.75,57.4,690.75,0.0,0.0,4.879999999999972,4.875,281.9,6.0125,0.0,0.95,1
1620454020,3648.5,0.0,0.0,699.75,59.0,700.75,0.0,0.0,4.8,4.875,283.4,5.8125,0.0,1.0,1
1620454030,3696.0,0.025,0.0,709.0,57.6,710.5,0.25,0.0,4.759999999999991,4.75,279.5,5.8125,0.0,0.925,1
1620454040,3744.75,0.375,0.0,718.75,57.8,719.75,4.0,0.0,4.790000000000009,4.875,283.6,5.875,0.0,0.975,1
1620454050,3793.5,0.375,0.0,728.5,59.8,729.75,3.75,0.0,4.720000000000027,4.875,290.7,6.0,0.0,0.975,1
1620454060,3842.5,0.1,0.0,738.25,59.9,739.5,4.75,0.0,4.739999999999964,4.9,292.2,6.1625,0.0,0.975,1
1620454070,3894.75,0.1,0.0,747.75,59.9,748.75,0.0,0.0,4.780000000000018,5.225,297.1,6.3375,0.0,0.95,1
1620454080,3943.5,0.0,0.0,757.5,60.3,758.75,0.0,0.0,4.759999999999991,4.875,291.3,6.3625,0.0,0.975,1
1620454090,3993.5,0.0,0.0,767.5,60.3,768.5,0.0,0.0,4.780000000000018,5.0,292.8,6.1875,0.0,1.0,1
1620454100,4039.75,0.0,0.0,776.75,56.5,777.75,0.0,1.2,4.729999999999973,4.625,280.6,5.9375,0.0,0.925,1
1620454110,4089.75,0.0,0.0,786.75,60.8,787.75,0.0,1.2,13.870000000000028,5.0,292.4,6.0,0.0,1.0,1
1620454120,4136.0,0.0,0.0,796.0,56.8,797.0,0.0,0.0,4.8299999999999725,4.625,280.8,6.0625,0.0,0.925,1
1620454130,4151.0,0.0,0.0,799.0,19.3,800.0,0.0,0.0,4.8800000000000185,1.5,127.9,4.0,0.0,0.3,1
1620454140,4151.0,0.0,0.0,799.0,0.0,800.0,0.0,0.0,4.840000000000009,0.0,54.5,1.0625,0.0,0.0,1
1620454150,4151.0,0.0,0.0,799.0,0.6,800.0,0.0,0.0,4.929999999999973,0.0,52.5,0.0,0.0,0.0,1
1620454160,4223.25,2.65,0.0,800.25,37.0,801.25,26.5,1.0,4.940000000000055,7.225,255.9,3.8625,0.0,0.125,1
1620454170,4384.25,2.65,0.0,807.75,112.6,808.75,0.5,1.0,4.829999999999927,16.1,630.5,14.5,0.0,0.75,1
1620454180,4433.5,2.65,0.0,817.5,59.9,818.5,0.0,0.4,4.920000000000073,4.925,292.0,13.725,0.0,0.975,1
1620454190,4479.75,0.0,0.0,827.0,59.8,828.5,0.0,0.4,4.920000000000073,4.625,293.8,6.2125,0.0,0.95,1
1620454200,4529.75,0.0,0.0,836.75,57.9,837.75,0.0,0.0,4.830000000000018,5.0,281.7,6.0625,0.0,0.975,1
1620454210,4578.5,0.0,0.0,846.5,60.3,847.75,0.0,0.0,4.719999999999982,4.875,294.4,6.0625,0.0,0.975,1
1620454220,4627.25,0.05,0.0,856.25,59.4,857.5,0.5,0.0,4.8,4.875,285.9,6.125,0.0,0.975,1
1620454230,4674.75,0.425,0.0,865.75,57.2,866.75,4.75,0.0,4.75,4.75,282.0,5.9375,0.0,0.95,1
1620454240,4723.5,0.025,0.0,875.5,60.3,876.75,5.0,0.0,4.760000000000036,4.875,294.8,6.0625,0.0,0.975,1
1620454250,4774.5,0.025,0.0,884.75,60.7,886.25,0.5,0.0,4.769999999999982,5.1,301.7,6.4625,0.0,0.925,1
1620454260,4817.666666666667,0.025,0.0,893.3333333333334,60.7,894.3333333333334,0.0,0.0,4.719999999999982,4.316666666666697,301.7,9.78333333333335,0.0,0.8583333333333372,1
1620454270,4858.5,0.375,0.0,901.5,1442.0,902.5,3.75,0.4,4.780000000000018,4.083333333333303,6809.8,9.78333333333335,0.0,0.8166666666666629,1
1620454280,4910.25,0.375,0.0,911.0,60.4,912.0,0.75,0.4,4.75,5.175,298.2,9.72083333333335,0.0,0.95,1
1620454290,4961.0,0.375,0.0,921.0,60.7,922.0,0.0,0.0,16.069999999999983,5.075,295.3,6.3875,0.0,1.0,1
1620454300,5007.25,0.0,0.0,930.25,57.8,931.5,0.0,0.0,4.85,4.625,283.1,6.1125,0.0,0.925,1
1620454310,5056.0,0.0,0.0,940.0,59.3,941.0,0.0,0.0,4.9,4.875,290.8,6.0625,0.0,0.975,1
1620454320,5104.75,0.0,0.0,949.75,60.1,951.0,0.0,0.0,4.870000000000073,4.875,290.3,6.125,0.0,0.975,1
1620454330,5152.25,0.3,0.0,959.25,57.3,960.5,3.0,0.0,4.919999999999982,4.75,279.8,6.0,0.0,0.95,1
1620454340,5201.0,0.2,0.0,969.0,59.0,970.0,5.0,0.5,4.930000000000018,4.875,289.0,5.9375,0.0,0.975,1
1620454350,5253.0,0.2,0.0,978.5,60.3,979.5,0.5,0.5,4.809999999999945,5.2,299.6,6.25,0.0,0.95,1
1620454360,5301.0,0.2,0.0,988.0,59.4,989.25,0.0,0.5,4.809999999999945,4.8,288.8,6.3375,0.0,0.95,1
1620454370,5349.75,0.0,0.0,997.75,61.1,999.0,0.0,0.0,4.769999999999982,4.875,299.8,6.4,0.0,0.975,1
1620454380,5396.0,0.5,0.0,1007.0,58.8,1008.25,5.0,0.0,4.769999999999982,4.625,290.4,6.45,0.0,0.925,1
1620454390,5449.75,0.5,0.0,1016.75,62.1,1018.0,0.0,0.0,4.6199999999999815,5.375,305.1,6.4875,0.0,0.975,1
1620454400,5497.25,0.0,0.0,1026.25,57.7,1027.5,0.0,0.0,4.659999999999945,4.75,283.6,6.35,0.0,0.95,1
1620454410,5546.0,0.125,0.0,1036.0,58.3,1037.0,1.25,0.5,4.65,4.875,284.5,5.9375,0.0,0.975,1
1620454420,5592.25,0.375,0.0,1045.25,58.1,1046.5,5.0,0.5,4.65,4.625,282.7,5.9375,0.0,0.925,1
1620454430,5644.75,0.375,0.0,1055.0,60.4,1056.0,1.25,0.0,4.620000000000073,5.25,298.2,6.25,0.0,0.975,1
1620454440,5693.5,0.375,0.0,1064.5,59.3,1065.5,0.0,0.5,4.629999999999927,4.875,291.9,6.375,0.0,0.95,1
1620454450,5741.0,0.0,0.0,1074.0,58.4,1075.25,0.0,0.5,4.7,4.75,285.1,6.125,0.0,0.95,1
1620454460,5788.5,0.325,0.0,1083.5,58.3,1085.0,3.25,0.0,17.920000000000073,4.75,286.4,6.0,0.0,0.95,1
1620454470,5837.25,0.0,0.0,1093.25,59.3,1094.25,3.25,0.5,4.8,4.875,289.4,6.075,0.0,0.975,1
1620454480,5882.0,0.0,0.0,1101.0,48.2,1102.25,1.25,0.0,18.289999999999964,4.475,241.3,5.5625,0.0,0.775,1
1620454490,5937.25,0.0,0.0,1110.25,60.7,1111.5,0.0,0.0,4.889999999999963,5.525,306.2,5.9125,0.0,0.925,1
1620454500,5986.0,0.2,0.0,1120.0,59.2,1121.0,2.0,0.0,4.890000000000055,4.875,289.2,6.4875,0.0,0.975,1
1620454510,6035.25,0.0,0.0,1129.25,59.1,1130.5,2.0,0.0,4.889999999999963,4.925,293.1,6.2,0.0,0.925,1
1620454520,6086.0,0.0,0.0,1139.0,59.7,1140.0,0.0,0.0,4.890000000000055,5.075,290.8,6.3,0.0,0.975,1
1620454530,6133.5,0.125,0.0,1148.5,57.6,1149.5,1.25,0.0,4.9,4.75,281.9,6.1,0.0,0.95,1
1620454540,6181.25,0.225,0.0,1158.0,58.5,1159.25,3.5,0.0,4.879999999999927,4.775,286.6,5.95,0.0,0.95,1
1620454550,6233.5,0.225,0.0,1167.5,60.0,1168.5,0.0,0.0,4.8800000000000185,5.225,296.2,6.2625,0.0,0.95,1
1620454560,6281.0,0.1,0.0,1177.0,58.9,1178.25,1.0,0.0,4.930000000000018,4.75,289.7,6.3125,0.0,0.95,1
1620454570,6328.5,0.4,0.0,1186.5,57.5,1187.5,5.0,0.0,4.8800000000000185,4.75,280.7,6.0,0.0,0.95,1
1620454580,6377.75,0.4,0.0,1195.5,57.7,1196.5,0.75,0.5,4.95,4.925,288.5,6.0875,0.0,0.9,1
1620454590,6396.0,0.4,0.0,1199.0,21.3,1200.0,0.0,0.5,4.889999999999963,1.825,135.0,4.25,0.0,0.35,1
1620454600,6396.0,0.0,0.0,1199.0,0.0,1200.0,0.0,0.0,4.8699999999999815,0.0,53.7,1.1,0.0,0.0,1
1620454610,6396.0,0.0,0.0,1199.0,0.3,1200.0,0.0,0.0,4.870000000000073,0.0,50.4,0.0,0.0,0.0,1
1620454620,6431.75,10.175,0.0,1200.75,25.6,1201.75,101.75,1.0,4.9,3.575,179.7,2.1375,0.0,0.175,1
1620454630,6607.5,10.175,0.0,1208.0,121.7,1209.0,17.25,1.0,4.879999999999927,17.575,690.7,14.05,0.0,0.725,1
1620454640,6673.5,10.175,0.0,1217.5,65.5,1218.5,0.0,0.4,4.9,6.6,328.4,15.8125,0.0,0.95,1
1620454650,6721.0,0.0,0.0,1227.25,58.9,1228.25,0.0,0.4,4.890000000000055,4.75,285.0,6.9,0.0,0.975,1
1620454660,6768.5,0.325,0.0,1236.5,57.6,1237.75,3.25,0.0,4.8699999999999815,4.75,284.3,6.0,0.0,0.925,1
1620454670,6818.75,0.025,0.0,1246.25,59.0,1247.25,3.5,0.0,4.8699999999999815,5.025,285.8,6.025,0.0,0.975,1
1620454680,6868.5,0.025,0.0,1255.5,60.0,1256.75,0.0,0.0,4.8699999999999815,4.975,299.6,6.325,0.0,0.925,1
1620454690,6916.0,0.125,0.0,1265.0,58.0,1266.25,1.25,0.0,4.870000000000073,4.75,281.5,6.2375,0.0,0.95,1
1620454700,6963.5,0.25,0.0,1274.5,57.9,1275.75,3.75,0.1,4.889999999999963,4.75,286.8,5.9375,0.0,0.95,1
1620454710,7016.0,0.25,0.0,1284.0,60.3,1285.25,0.0,0.1,4.9,5.25,295.8,6.2375,0.0,0.95,1
1620454720,7063.5,0.0,0.0,1293.5,58.7,1295.0,0.0,0.0,4.8800000000000185,4.75,286.9,6.3,0.0,0.95,1
1620454730,7112.0,0.4,0.0,1303.0,56.2,1304.0,4.0,0.5,4.8800000000000185,4.85,276.6,5.8625,0.0,0.95,1
1620454740,7162.25,0.4,0.0,1312.25,59.5,1313.5,0.0,0.5,4.8699999999999815,5.025,294.2,6.0625,0.0,0.925,1
1620454750,7211.0,0.0,0.0,1322.0,59.3,1323.0,0.0,0.2,4.9,4.875,289.2,6.3,0.0,0.975,1
1620454760,7257.25,0.375,0.0,1331.25,57.2,1332.5,3.75,0.2,4.8699999999999815,4.625,277.0,5.9375,0.0,0.925,1
1620454770,7307.25,0.0,0.0,1341.0,59.5,1342.0,3.75,0.0,4.8800000000000185,5.0,294.0,6.0375,0.0,0.975,1
1620454780,7349.333333333333,0.0,0.0,1348.6666666666667,59.5,1350.0,0.0,0.0,4.8800000000000185,4.208333333333303,294.0,11.8375,0.0,0.7666666666666743,1
1620454790,7393.5,0.0,0.0,1357.5,2163.1,1358.5,0.0,0.0,4.9,4.416666666666697,10508.1,11.8375,0.0,0.8833333333333258,1
1620454800,7441.0,0.375,0.0,1367.0,58.2,1368.25,3.75,0.0,4.879999999999927,4.75,282.2,11.6375,0.0,0.95,1
1620454810,7493.5,0.375,0.0,1376.5,60.2,1377.5,0.0,0.0,4.870000000000073,5.25,298.5,6.25,0.0,0.95,1
1620454820,7541.0,0.0,0.0,1386.25,59.0,1387.25,0.0,0.0,4.8699999999999815,4.75,286.4,6.3125,0.0,0.975,1
1620454830,7588.5,0.375,0.0,1395.5,57.6,1396.75,3.75,0.0,4.889999999999963,4.75,284.2,6.0,0.0,0.925,1
1620454840,7639.75,0.375,0.0,1404.75,57.8,1406.0,0.0,0.5,4.890000000000055,5.125,286.1,6.0625,0.0,0.925,1
1620454850,7687.25,0.0,0.0,1414.25,58.0,1415.25,0.0,0.5,4.879999999999927,4.75,283.8,6.0625,0.0,0.95,1
1620454860,7734.75,0.375,0.0,1423.75,58.2,1425.0,3.75,0.3,4.890000000000055,4.75,284.8,5.9625,0.0,0.95,1
1620454870,7787.25,0.375,0.0,1433.25,59.7,1434.25,0.0,0.2,4.9,5.25,296.3,6.1875,0.0,0.95,1
1620454880,7834.75,0.0,0.0,1442.75,59.0,1444.0,0.0,0.0,4.9,4.75,288.9,6.2875,0.0,0.95,1
1620454890,7882.25,0.5,0.0,1452.25,57.9,1453.25,5.0,0.0,4.8699999999999815,4.75,281.4,6.0625,0.0,0.95,1
1620454900,7933.5,0.5,0.0,1461.75,59.7,1462.75,1.0,0.0,4.910000000000037,5.125,295.2,6.175,0.0,0.95,1
1620454910,7982.25,0.5,0.0,1471.25,58.4,1472.25,0.0,0.2,4.879999999999927,4.875,286.9,6.2125,0.0,0.95,1
1620454920,8029.75,0.275,0.0,1480.75,58.4,1482.0,2.75,0.3,4.9,4.75,285.2,6.0375,0.0,0.95,1
1620454930,8078.25,0.125,0.0,1490.25,57.9,1491.25,4.0,0.0,4.870000000000073,4.85,284.3,5.9875,0.0,0.95,1
1620454940,8128.5,0.125,0.0,1499.5,61.5,1501.0,0.0,0.0,4.879999999999927,5.025,306.4,6.475,0.0,0.925,1
1620454950,8177.25,0.375,0.0,1509.25,58.7,1510.25,3.75,0.0,4.870000000000073,4.875,285.6,6.4875,0.0,0.975,1
1620454960,8226.25,0.375,0.0,1518.5,59.0,1519.5,2.0,0.0,4.889999999999963,4.9,292.7,6.2,0.0,0.925,1
1620454970,8277.25,0.375,0.0,1528.25,59.9,1529.25,0.0,0.0,4.9,5.1,291.7,6.3125,0.0,0.975,1
1620454980,8323.5,0.25,0.0,1537.5,56.9,1538.5,2.5,0.0,4.8699999999999815,4.625,281.0,6.05,0.0,0.925,1
1620454990,8373.5,0.0,0.0,1547.0,59.9,1548.25,2.5,0.0,4.890000000000055,5.0,294.7,6.1375,0.0,0.95,1
1620455000,8422.25,0.0,0.0,1556.25,58.0,1557.5,0.0,0.0,4.859999999999945,4.875,285.9,6.225,0.0,0.925,1
1620455010,8469.75,0.3,0.0,1566.0,59.5,1567.25,3.0,0.0,4.900000000000091,4.75,288.3,6.0875,0.0,0.975,1
1620455020,8518.5,0.075,0.0,1575.25,57.4,1576.5,3.75,0.0,4.859999999999855,4.875,285.2,6.1125,0.0,0.925,1
1620455030,8569.75,0.075,0.0,1584.75,59.7,1586.0,0.0,0.0,4.890000000000145,5.125,293.2,6.225,0.0,0.95,1
1620455040,8616.0,0.375,0.0,1593.25,53.9,1594.5,3.75,0.0,4.889999999999963,4.625,270.0,6.05,0.0,0.85,1
1620455050,8646.0,0.125,0.0,1599.0,33.0,1600.0,5.0,0.0,4.9,3.0,182.1,4.5,0.0,0.575,1
1620455060,8646.0,0.0,0.0,1599.0,0.0,1600.0,5.0,0.0,4.9,0.0,50.4,1.625,0.0,0.0,1
1620455070,8646.0,0.0,0.0,1599.0,0.0,1600.0,5.0,0.0,4.860000000000037,0.0,53.6,0.0,0.0,0.0,1
1620455080,8648.5,8.125,0.0,1599.25,6.5,1600.5,86.25,0.0,4.9,0.25,80.7,0.4375,0.0,0.025,1
1620455090,8787.5,8.125,0.0,1604.75,108.7,1605.75,74.0,0.8,4.889999999999963,13.9,636.6,11.4375,0.0,0.55,1
1620455100,8912.25,8.125,0.0,1613.25,77.1,1614.25,5.0,0.8,4.9,12.475,408.7,16.85,0.0,0.85,1
1620455110,8962.25,8.125,0.0,1622.5,59.4,1623.5,1.25,0.7,4.860000000000037,5.0,297.3,9.0875,0.0,0.925,1
1620455120,9012.25,8.125,0.0,1632.25,59.4,1633.25,0.0,0.7,4.909999999999855,5.0,288.1,6.3,0.0,0.975,1
1620455130,9057.25,0.375,0.0,1641.25,55.7,1642.5,3.75,0.5,4.9,4.5,276.4,5.9375,0.0,0.9,1
1620455140,9111.0,0.375,0.0,1651.0,62.0,1652.0,0.0,0.5,4.890000000000145,5.375,304.3,6.25,0.0,0.975,1
1620455150,9157.25,0.1,0.0,1660.25,56.8,1661.5,1.0,0.5,4.9,4.625,278.7,6.3125,0.0,0.925,1
1620455160,9205.0,0.25,0.0,1669.75,59.3,1671.0,3.5,0.5,4.869999999999891,4.775,292.8,6.05,0.0,0.95,1
1620455170,9257.25,0.25,0.0,1679.25,58.7,1680.25,0.0,0.5,4.889999999999963,5.225,288.1,6.225,0.0,0.95,1
1620455180,9303.5,0.475,0.0,1688.5,57.1,1689.75,4.75,1.0,4.880000000000109,4.625,282.2,6.05,0.0,0.925,1
1620455190,9354.75,0.475,0.0,1697.75,59.5,1699.0,0.0,1.0,4.9,5.125,292.6,6.1625,0.0,0.925,1
1620455200,9405.0,0.1,0.0,1707.0,57.8,1708.25,1.0,0.0,4.9,5.025,286.6,6.35,0.0,0.925,1
1620455210,9452.25,0.1,0.0,1716.25,56.6,1717.25,0.0,0.5,4.939999999999964,4.725,280.4,6.05,0.0,0.925,1
1620455220,9498.5,0.225,0.0,1725.5,58.3,1727.0,2.25,0.5,4.879999999999927,4.625,282.8,5.9125,0.0,0.925,1
1620455230,9551.25,0.225,0.0,1734.25,55.8,1735.25,0.5,0.5,4.890000000000145,5.275,282.9,6.175,0.0,0.875,1
1620455240,9597.25,0.2,0.0,1743.5,57.5,1744.5,2.5,0.9,4.9,4.6,287.8,6.1875,0.0,0.925,1
1620455250,9648.5,0.2,0.0,1753.0,59.8,1754.25,2.25,0.9,4.859999999999855,5.125,291.5,6.2,0.0,0.95,1
1620455260,9697.25,0.2,0.0,1762.25,57.0,1763.25,0.0,0.8,4.890000000000145,4.875,282.7,6.175,0.0,0.925,1
1620455270,9743.5,0.325,0.0,1771.5,57.6,1772.75,3.25,0.8,4.9,4.625,284.3,5.975,0.0,0.925,1
1620455280,9796.0,0.325,0.0,1781.0,60.6,1782.25,0.0,0.8,4.9,5.25,297.9,6.3125,0.0,0.95,1
1620455290,9842.25,0.5,0.0,1790.25,56.1,1791.25,5.0,0.5,4.9,4.625,277.1,6.1875,0.0,0.925,1
1620455300,9894.75,0.5,0.0,1799.75,61.7,1801.25,0.0,0.5,4.869999999999891,5.25,303.2,6.25,0.0,0.95,1
1620455310,9942.25,0.3,0.0,1809.25,56.2,1810.25,3.0,0.5,4.870000000000073,4.75,277.1,6.1875,0.0,0.95,1
1620455320,9992.25,0.3,0.0,1818.5,58.7,1819.5,1.25,0.5,4.9,5.0,290.5,5.975,0.0,0.925,1
1620455330,10041.0,0.025,0.0,1828.0,58.9,1829.25,1.5,0.2,4.9,4.875,287.5,6.225,0.0,0.95,1
1620455340,10089.75,0.1,0.0,1837.25,57.0,1838.25,2.5,0.2,4.9,4.875,280.9,6.0625,0.0,0.925,1
1620455350,10138.5,0.05,0.0,1846.5,58.7,1847.75,3.0,0.1,4.929999999999927,4.875,291.9,6.15,0.0,0.925,1
1620455360,10188.5,0.05,0.0,1856.0,58.7,1857.0,2.5,0.0,4.889999999999963,5.0,289.7,6.2375,0.0,0.95,1
1620455370,10237.25,0.05,0.0,1865.25,57.9,1866.25,1.25,0.0,4.9,4.875,285.7,6.1625,0.0,0.925,1
1620455380,10283.75,0.125,0.0,1874.25,56.7,1875.5,2.5,0.5,4.9,4.65,282.4,6.075,0.0,0.9,1
1620455390,10333.5,0.0,0.0,1883.5,59.6,1885.0,2.5,0.0,4.870000000000073,4.975,293.7,6.2,0.0,0.925,1
1620455400,10384.75,0.0,0.0,1893.25,58.5,1894.25,2.5,0.0,4.910000000000037,5.125,285.1,6.2625,0.0,0.975,1
1620455410,10432.25,0.25,0.0,1902.25,58.8,1903.25,5.0,0.0,4.879999999999927,4.75,294.9,6.3625,0.0,0.9,1
1620455420,10482.25,0.25,0.0,1911.25,58.3,1912.25,0.0,0.0,4.9,5.0,293.2,6.525,0.0,0.9,1
1620455430,10528.5,0.45,0.0,1920.5,57.3,1922.0,4.5,0.5,4.9,4.625,280.4,6.1625,0.0,0.925,1
1620455440,10581.0,0.45,0.0,1930.25,60.3,1931.25,0.0,0.5,4.860000000000037,5.25,296.4,6.1625,0.0,0.975,1
1620455450,10627.25,0.5,0.0,1939.25,55.5,1940.25,5.0,0.1,4.870000000000073,4.625,274.7,6.1,0.0,0.9,1
1620455460,10678.5,0.5,0.0,1948.5,59.5,1949.5,0.0,0.0,4.9,5.125,295.8,6.1375,0.0,0.925,1
1620455470,10726.0,0.5,0.0,1958.0,58.1,1959.0,5.0,0.0,4.9,4.75,284.3,6.25,0.0,0.95,1
1620455480,10777.25,0.5,0.0,1967.25,58.6,1968.25,0.0,0.0,4.859999999999855,5.125,292.0,6.175,0.0,0.925,1
1620455490,10822.25,0.5,0.0,1976.25,55.9,1977.5,5.0,0.1,4.880000000000109,4.5,274.4,6.0875,0.0,0.9,1
1620455500,10873.5,0.5,0.0,1985.5,59.7,1987.0,0.0,0.4,4.869999999999891,5.125,296.8,6.1375,0.0,0.925,1
1620455510,1152.25,0.0,0.0,224.25,59.2,225.25,0.0,0.0,3.870000000000005,5.0,285.1,6.0625,0.0,1.0,2
1620455520,1201.0,0.0,0.0,234.0,60.3,235.25,0.0,0.0,3.869999999999993,4.875,294.1,6.0625,0.0,0.975,2
1620455530,1251.0,0.0,0.0,244.0,60.3,245.0,0.0,0.0,3.840000000000009,5.0,293.2,6.1875,0.0,1.0,2
1620455540,1299.75,0.0,0.0,253.75,59.7,254.75,0.0,0.5,3.829999999999996,4.875,291.5,6.125,0.0,0.975,2
1620455550,1349.75,0.0,0.0,263.75,60.9,264.75,0.0,0.5,3.8200000000000047,5.0,294.5,6.1875,0.0,1.0,2
1620455560,1397.25,0.0,0.0,273.25,59.0,274.5,0.0,0.0,4.079999999999996,4.75,289.1,6.1875,0.0,0.95,2
1620455570,1447.25,0.0,0.0,283.25,59.7,284.25,0.0,0.0,4.559999999999991,5.0,288.1,6.0625,0.0,1.0,2
1620455580,1496.0,0.0,0.0,293.0,60.3,294.25,0.0,0.0,4.8900000000000095,4.875,295.0,6.125,0.0,0.975,2
1620455590,1544.75,0.0,0.0,302.75,59.5,303.75,0.0,0.5,4.879999999999996,4.875,289.9,6.1875,0.0,0.975,2
1620455600,1593.5,0.0,0.0,312.5,60.6,313.75,0.0,0.5,4.8900000000000095,4.875,293.9,6.1875,0.0,0.975,2
1620455610,1642.25,0.0,0.0,322.25,58.9,323.25,0.0,0.1,4.909999999999991,4.875,288.2,6.15,0.0,0.975,2
1620455620,1692.25,0.0,0.0,332.25,60.1,333.25,0.0,0.1,4.8700000000000045,5.0,289.8,6.0625,0.0,1.0,2
1620455630,1741.0,0.0,0.0,342.0,59.7,343.0,0.0,0.0,4.859999999999991,4.875,291.8,6.1,0.0,0.975,2
1620455640,1789.75,0.0,0.0,351.75,60.2,353.0,0.0,0.0,4.8800000000000185,4.875,292.9,6.1875,0.0,0.975,2
1620455650,1839.75,0.0,0.0,361.75,60.3,362.75,0.0,0.0,4.9,5.0,292.0,6.1875,0.0,1.0,2
1620455660,1887.25,0.0,0.0,371.25,58.2,372.25,0.0,0.8,4.879999999999996,4.75,286.3,6.0375,0.0,0.95,2
1620455670,1936.0,0.0,0.0,381.0,60.4,382.25,0.0,0.8,4.859999999999991,4.875,292.2,6.0625,0.0,0.975,2
1620455680,1984.75,0.0,0.0,390.75,59.6,392.0,0.0,0.0,4.879999999999996,4.875,288.7,6.15,0.0,0.975,2
1620455690,2026.0,0.0,0.0,399.0,48.4,400.0,0.0,0.0,4.8800000000000185,4.125,244.5,5.5,0.0,0.825,2
1620455700,2026.0,0.0,0.0,399.0,0.0,400.0,0.0,0.0,4.889999999999986,0.0,53.4,2.4375,0.0,0.0,2
1620455710,2026.0,0.0,0.0,399.0,0.0,400.0,0.0,0.0,4.8700000000000045,0.0,51.0,0.0,0.0,0.0,2
1620455720,2026.0,0.0,0.0,399.0,1.2,400.0,0.0,0.0,4.85,0.0,55.4,0.0,0.0,0.0,2
1620455730,2226.0,0.5,0.0,403.0,117.6,404.25,5.0,0.0,4.9,20.0,701.9,12.6875,0.0,0.4,2
1620455740,2279.75,0.5,0.0,412.75,62.3,413.75,0.0,0.1,4.919999999999982,5.375,307.5,16.1,0.0,0.975,2
1620455750,2327.25,0.0,0.0,422.25,59.4,423.75,0.0,0.1,4.870000000000028,4.75,290.1,6.4875,0.0,0.95,2
1620455760,2377.25,0.0,0.0,432.25,59.3,433.25,0.0,0.0,4.840000000000009,5.0,288.3,6.075,0.0,1.0,2
1620455770,2426.0,0.0,0.0,442.0,59.1,443.0,0.0,0.0,4.9,4.875,286.6,6.0,0.0,0.975,2
1620455780,2474.75,0.0,0.0,451.75,59.6,452.75,0.0,0.0,4.889999999999963,4.875,290.8,6.0625,0.0,0.975,2
1620455790,2522.25,0.0,0.0,461.25,58.2,462.25,0.0,0.0,4.8900000000000095,4.75,285.0,6.0625,0.0,0.95,2
1620455800,2571.0,0.0,0.0,471.0,60.2,472.0,0.0,0.0,4.870000000000028,4.875,293.7,6.125,0.0,0.975,2
1620455810,2619.75,0.0,0.0,480.75,59.2,481.75,0.0,0.3,4.8699999999999815,4.875,288.7,6.1375,0.0,0.975,2
1620455820,2667.25,0.0,0.0,490.25,58.9,491.75,0.0,0.3,4.930000000000018,4.75,286.2,6.0625,0.0,0.95,2
1620455830,2716.0,0.275,0.0,500.0,57.3,501.0,2.75,0.5,4.889999999999963,4.875,278.1,5.8625,0.0,0.975,2
1620455840,2767.75,0.275,0.0,509.75,61.1,510.75,2.0,0.5,4.840000000000009,5.175,300.2,6.075,0.0,0.975,2
1620455850,2817.25,0.275,0.0,519.25,59.0,520.25,0.0,0.0,4.8900000000000095,4.95,289.7,6.3625,0.0,0.95,2
1620455860,2866.0,0.0,0.0,529.0,59.8,530.25,0.0,0.0,4.9,4.875,289.2,6.1625,0.0,0.975,2
1620455870,2914.75,0.0,0.0,538.75,59.6,540.0,0.0,0.0,4.8900000000000095,4.875,291.8,6.125,0.0,0.975,2
1620455880,2962.25,0.0,0.0,548.25,58.9,549.75,0.0,0.0,4.859999999999991,4.75,287.7,6.125,0.0,0.95,2
1620455890,3012.25,0.0,0.0,558.25,59.6,559.25,0.0,0.0,4.8800000000000185,5.0,288.7,6.0625,0.0,1.0,2
1620455900,3059.75,0.0,0.0,567.75,59.2,569.0,0.0,0.0,4.879999999999972,4.75,290.5,6.0625,0.0,0.95,2
1620455910,3107.25,0.0,0.0,577.25,58.7,578.75,0.0,0.0,4.9,4.75,284.9,6.0625,0.0,0.95,2
1620455920,3157.25,0.0,0.0,587.25,59.0,588.25,0.0,0.0,4.859999999999991,5.0,287.6,6.0,0.0,1.0,2
1620455930,3204.75,0.475,0.0,596.75,59.4,598.0,4.75,0.0,4.870000000000028,4.75,289.7,6.0625,0.0,0.95,2
1620455940,3257.0,0.475,0.0,606.25,59.9,607.25,0.25,0.5,4.879999999999972,5.225,298.2,6.35,0.0,0.95,2
1620455950,3306.0,0.475,0.0,616.0,60.3,617.25,0.0,0.5,4.8900000000000095,4.9,292.3,6.425,0.0,0.975,2
1620455960,3354.75,0.0,0.0,625.75,59.6,627.0,0.0,0.0,4.8800000000000185,4.875,290.9,6.2,0.0,0.975,2
1620455970,3402.25,0.0,0.0,635.25,58.5,636.75,0.0,0.0,4.859999999999991,4.75,286.2,6.0625,0.0,0.95,2
1620455980,3452.25,0.0,0.0,645.25,59.5,646.25,0.0,0.0,4.8900000000000095,5.0,286.8,6.0,0.0,1.0,2
1620455990,3499.75,0.0,0.0,654.75,59.0,656.0,0.0,0.0,4.8900000000000095,4.75,290.2,6.0625,0.0,0.95,2
1620456000,3548.5,0.0,0.0,664.5,59.8,665.75,0.0,0.0,4.889999999999963,4.875,290.0,6.125,0.0,0.975,2
1620456010,3597.25,0.0,0.0,674.25,58.1,675.25,0.0,0.0,4.860000000000037,4.875,283.0,6.0,0.0,0.975,2
1620456020,3646.0,0.0,0.0,684.0,59.7,685.0,0.0,0.5,4.859999999999991,4.875,290.8,6.0,0.0,0.975,2
1620456030,3694.75,0.125,0.0,693.75,59.6,694.75,1.25,0.5,4.8900000000000095,4.875,290.6,6.125,0.0,0.975,2
1620456040,3742.25,0.375,0.0,703.25,58.7,704.25,5.0,0.0,4.889999999999963,4.75,286.8,6.1375,0.0,0.95,2
1620456050,3794.75,0.375,0.0,712.75,61.4,714.0,0.0,0.0,4.85,5.25,304.7,6.45,0.0,0.95,2
1620456060,3842.25,0.0,0.0,722.25,59.0,723.5,0.0,0.1,4.8800000000000185,4.75,288.7,6.425,0.0,0.95,2
1620456070,3892.25,0.0,0.0,732.25,59.0,733.25,0.0,0.1,4.8800000000000185,5.0,285.2,6.0,0.0,1.0,2
1620456080,3939.75,0.0,0.0,741.75,59.4,743.0,0.0,0.0,4.9,4.75,288.9,6.0125,0.0,0.95,2
1620456090,3988.5,0.0,0.0,751.5,59.4,752.75,0.0,0.0,4.859999999999991,4.875,291.0,6.125,0.0,0.975,2
1620456100,4037.25,0.0,0.0,761.25,58.6,762.25,0.0,0.0,4.8900000000000095,4.875,285.6,6.0625,0.0,0.975,2
1620456110,4086.0,0.0,0.0,771.0,59.2,772.0,0.0,0.6,4.889999999999963,4.875,288.6,6.0,0.0,0.975,2
1620456120,4133.5,0.5,0.0,780.5,59.1,781.75,5.0,0.6,4.9,4.75,288.8,6.0625,0.0,0.95,2
1620456130,4182.25,0.0,0.0,790.25,58.6,791.25,5.0,0.0,4.8800000000000185,4.875,284.0,6.0625,0.0,0.975,2
1620456140,4226.0,0.0,0.0,799.0,52.6,800.0,5.0,0.0,4.8800000000000185,4.375,261.6,5.6375,0.0,0.875,2
1620456150,4226.0,0.0,0.0,799.0,0.0,800.0,5.0,0.0,4.879999999999972,0.0,50.5,2.6375,0.0,0.0,2
1620456160,4226.0,0.0,0.0,799.0,0.0,800.0,5.0,0.0,4.900000000000046,0.0,53.1,0.0,0.0,0.0,2
1620456170,4226.0,0.0,0.0,799.0,1.2,800.0,5.0,0.0,4.879999999999927,0.0,54.9,0.0,0.0,0.0,2
1620456180,4396.25,2.975,0.0,803.75,110.5,805.0,34.75,0.5,4.860000000000037,17.025,650.4,11.4375,0.0,0.475,2
1620456190,4477.25,2.975,0.0,813.25,72.6,814.75,0.0,0.5,4.8699999999999815,8.1,370.5,16.225,0.0,0.95,2
1620456200,4527.25,0.0,0.0,823.25,59.5,824.25,0.0,0.0,4.8800000000000185,5.0,288.6,7.7875,0.0,1.0,2
1620456210,4574.75,0.0,0.0,832.75,58.7,834.0,0.0,0.3,4.85,4.75,286.9,6.0125,0.0,0.95,2
1620456220,4622.25,0.0,0.0,842.25,58.9,843.75,0.0,0.3,4.889999999999963,4.75,286.9,6.0625,0.0,0.95,2
1620456230,4672.25,0.25,0.0,852.25,59.3,853.25,2.5,0.0,4.860000000000037,5.0,288.1,6.05,0.0,1.0,2
1620456240,4719.75,0.25,0.0,861.75,59.5,863.0,5.0,0.0,4.9,4.75,290.7,6.0625,0.0,0.95,2
1620456250,4767.25,0.25,0.0,871.25,58.1,872.75,3.75,0.0,4.8699999999999815,4.75,284.5,6.0625,0.0,0.95,2
1620456260,4822.25,0.25,0.0,881.25,61.9,882.25,0.0,0.0,4.8699999999999815,5.5,302.7,6.325,0.0,1.0,2
1620456270,4869.75,0.0,0.0,890.75,59.0,892.0,0.0,0.0,4.890000000000055,4.75,288.6,6.3875,0.0,0.95,2
1620456280,4916.0,0.2,0.0,900.0,56.0,901.25,2.0,0.0,4.889999999999963,4.625,274.2,5.875,0.0,0.925,2
1620456290,4964.75,0.3,0.0,909.75,59.2,910.75,5.0,0.0,4.860000000000037,4.875,288.9,5.875,0.0,0.975,2
1620456300,5012.75,0.3,0.0,919.25,57.9,920.25,4.25,0.1,4.8699999999999815,4.8,283.9,6.025,0.0,0.95,2
1620456310,5066.0,0.3,0.0,929.0,61.9,930.0,0.0,0.1,4.930000000000018,5.325,303.2,6.3125,0.0,0.975,2
1620456320,5113.5,0.0,0.0,938.5,58.6,939.75,0.0,0.0,4.8800000000000185,4.75,286.5,6.35,0.0,0.95,2
1620456330,5162.25,0.0,0.0,948.25,58.6,949.25,0.0,0.0,4.879999999999927,4.875,286.1,6.0,0.0,0.975,2
1620456340,5211.0,0.0,0.0,958.0,59.7,959.0,0.0,0.5,4.870000000000073,4.875,291.3,6.0625,0.0,0.975,2
1620456350,5257.25,0.225,0.0,967.25,57.9,968.5,2.25,0.5,4.879999999999927,4.625,282.7,6.0625,0.0,0.925,2
1620456360,5307.25,0.275,0.0,977.25,59.3,978.25,5.0,0.0,4.890000000000055,5.0,288.4,6.0,0.0,1.0,2
1620456370,5357.25,0.275,0.0,986.75,60.4,987.75,2.5,0.1,4.8699999999999815,5.0,298.7,6.2625,0.0,0.95,2
1620456380,5407.25,0.275,0.0,996.25,59.3,997.25,0.0,0.1,4.8800000000000185,5.0,291.6,6.4,0.0,0.95,2
1620456390,5457.25,0.0,0.0,1005.25,57.1,1006.25,0.0,0.3,4.909999999999945,5.0,283.9,6.225,0.0,0.9,2
1620456400,5504.75,0.0,0.0,1014.75,59.4,1016.0,0.0,0.2,4.870000000000073,4.75,290.7,6.15,0.0,0.95,2
1620456410,5552.25,0.0,0.0,1024.25,57.8,1025.5,0.0,0.2,4.8699999999999815,4.75,283.0,6.0625,0.0,0.95,2
1620456420,5601.0,0.375,0.0,1034.0,59.0,1035.25,3.75,0.0,4.859999999999945,4.875,287.4,6.0,0.0,0.975,2
1620456430,5648.5,0.125,0.0,1043.5,57.5,1044.5,5.0,0.0,4.9,4.75,281.7,5.9375,0.0,0.95,2
1620456440,5701.0,0.125,0.0,1053.0,61.9,1054.25,0.0,0.0,4.860000000000037,5.25,303.7,6.3125,0.0,0.95,2
1620456450,5748.5,0.0,0.0,1062.5,57.6,1063.75,0.0,0.0,4.9,4.75,283.9,6.375,0.0,0.95,2
1620456460,5797.25,0.5,0.0,1072.25,58.4,1073.25,5.0,0.5,4.860000000000037,4.875,284.6,5.9375,0.0,0.975,2
1620456470,5848.5,0.5,0.0,1081.5,59.5,1082.5,0.0,0.5,4.889999999999963,5.125,296.2,6.2,0.0,0.925,2
1620456480,5896.0,0.0,0.0,1091.0,59.2,1092.25,0.0,0.5,4.889999999999963,4.75,287.6,6.3,0.0,0.95,2
1620456490,5946.0,0.0,0.0,1101.0,60.8,1102.0,0.0,0.0,4.890000000000055,5.0,296.4,6.225,0.0,1.0,2
1620456500,5993.5,0.0,0.0,1110.5,57.7,1111.5,0.0,0.0,4.859999999999945,4.75,281.9,6.125,0.0,0.95,2
1620456510,6041.0,0.5,0.0,1120.0,59.0,1121.25,5.0,0.0,4.860000000000037,4.75,289.5,6.0,0.0,0.95,2
1620456520,6092.5,0.5,0.0,1129.5,58.9,1130.5,1.0,0.3,4.889999999999963,5.15,290.9,6.1875,0.0,0.95,2
1620456530,6141.0,0.5,0.0,1139.0,59.2,1140.25,0.0,0.3,4.870000000000073,4.85,288.3,6.2375,0.0,0.95,2
1620456540,6187.25,0.25,0.0,1148.25,57.2,1149.5,2.5,0.0,4.879999999999927,4.625,281.1,6.05,0.0,0.925,2
1620456550,6236.25,0.0,0.0,1157.75,60.0,1159.0,2.5,0.0,4.870000000000073,4.9,297.5,6.2,0.0,0.95,2
1620456560,6287.25,0.0,0.0,1167.25,58.6,1168.5,0.0,0.0,4.879999999999927,5.1,287.9,6.3125,0.0,0.95,2
1620456570,6334.75,0.0,0.0,1176.75,58.6,1178.25,0.0,0.0,4.870000000000073,4.75,285.0,6.05,0.0,0.95,2
1620456580,6382.25,0.5,0.0,1186.25,57.1,1187.25,5.0,0.0,4.859999999999945,4.75,280.0,5.9375,0.0,0.95,2
1620456590,6434.75,0.5,0.0,1195.75,61.0,1197.0,0.0,0.5,4.840000000000055,5.25,300.9,6.2625,0.0,0.95,2
1620456600,6451.0,0.0,0.0,1199.0,18.4,1200.0,0.0,0.5,4.909999999999945,1.625,122.6,4.2,0.0,0.325,2
1620456610,6451.0,0.0,0.0,1199.0,0.0,1200.0,0.0,0.0,4.8800000000000185,0.0,54.1,0.875,0.0,0.0,2
1620456620,6451.0,0.0,0.0,1199.0,0.0,1200.0,0.0,0.0,4.8800000000000185,0.0,49.0,0.0,0.0,0.0,2
1620456630,6477.5,13.5,0.0,1200.5,31.5,1201.5,135.0,0.5,4.889999999999963,2.65,215.7,2.9125,0.0,0.15,2
1620456640,6678.5,13.5,0.0,1207.75,121.1,1208.75,0.0,0.5,4.8800000000000185,20.1,689.3,14.7875,0.0,0.725,2
1620456650,6727.25,0.0,0.0,1217.25,58.1,1218.25,0.0,0.1,4.8699999999999815,4.875,285.2,14.8625,0.0,0.95,2
1620456660,6774.75,0.425,0.0,1226.75,57.9,1227.75,4.25,0.4,4.9,4.75,281.9,5.9375,0.0,0.95,2
1620456670,6822.25,0.075,0.0,1236.25,58.0,1237.25,5.0,0.4,4.860000000000037,4.75,284.0,5.9375,0.0,0.95,2
1620456680,6876.0,0.075,0.0,1246.0,61.5,1247.0,0.0,0.3,4.8800000000000185,5.375,301.7,6.2875,0.0,0.975,2
1620456690,6922.25,0.0,0.0,1255.25,57.5,1256.5,0.0,0.3,4.929999999999927,4.625,282.7,6.3,0.0,0.925,2
1620456700,6971.0,0.375,0.0,1265.0,58.9,1266.0,3.75,0.5,4.890000000000055,4.875,288.5,6.0,0.0,0.975,2
1620456710,7017.25,0.125,0.0,1274.25,57.0,1275.5,5.0,0.5,4.889999999999963,4.625,277.7,5.9375,0.0,0.925,2
1620456720,7071.0,0.125,0.0,1284.0,62.0,1285.25,0.0,0.0,4.860000000000037,5.375,304.8,6.3,0.0,0.975,2
1620456730,7117.25,0.0,0.0,1293.25,56.8,1294.5,0.0,0.0,4.8800000000000185,4.625,280.1,6.3,0.0,0.925,2
1620456740,7164.5,0.4,0.0,1302.5,56.5,1303.5,4.0,0.5,4.9,4.725,280.5,5.85,0.0,0.925,2
1620456750,7217.25,0.4,0.0,1312.25,60.5,1313.25,0.0,0.5,4.8699999999999815,5.275,294.4,6.1125,0.0,0.975,2
1620456760,7263.5,0.0,0.0,1321.5,57.9,1322.75,0.0,0.4,4.8699999999999815,4.625,285.7,6.2125,0.0,0.925,2
1620456770,7312.25,0.5,0.0,1331.25,58.0,1332.25,5.0,0.4,4.9,4.875,280.0,5.9375,0.0,0.975,2
1620456780,7363.5,0.5,0.0,1340.5,60.2,1341.75,0.0,0.5,4.889999999999963,5.125,301.3,6.25,0.0,0.925,2
1620456790,7412.25,0.0,0.0,1350.25,58.8,1351.25,0.0,0.5,4.840000000000055,4.875,285.3,6.325,0.0,0.975,2
1620456800,7458.5,0.5,0.0,1359.5,57.2,1360.5,5.0,0.8,4.8699999999999815,4.625,282.9,5.9625,0.0,0.925,2
1620456810,7511.0,0.5,0.0,1369.0,60.9,1370.25,0.0,0.8,4.8699999999999815,5.25,297.9,6.25,0.0,0.95,2
1620456820,7558.5,0.0,0.0,1378.5,57.2,1379.5,0.0,0.3,4.9,4.75,281.3,6.225,0.0,0.95,2
1620456830,7606.0,0.45,0.0,1388.25,59.5,1389.25,4.5,0.3,4.8699999999999815,4.75,289.9,6.0,0.0,0.975,2
1620456840,7654.5,0.45,0.0,1397.5,56.9,1398.5,4.0,0.5,4.860000000000037,4.85,280.9,6.0,0.0,0.925,2
1620456850,7703.5,0.1,0.0,1406.5,58.5,1407.75,5.0,0.0,4.9,4.9,290.5,6.175,0.0,0.9,2
1620456860,7752.25,0.0,0.0,1416.25,58.9,1417.25,5.0,0.0,4.8800000000000185,4.875,286.6,6.2375,0.0,0.975,2
1620456870,7803.5,0.0,0.0,1425.5,59.5,1426.5,0.0,0.3,4.9,5.125,297.2,6.275,0.0,0.925,2
1620456880,7852.25,0.1,0.0,1435.25,59.0,1436.25,1.0,0.3,4.85,4.875,286.6,6.275,0.0,0.975,2
1620456890,7898.5,0.4,0.0,1444.5,57.0,1445.5,5.0,0.3,4.889999999999963,4.625,281.2,5.9375,0.0,0.925,2
1620456900,7951.0,0.4,0.0,1454.25,61.8,1455.25,0.0,0.3,4.890000000000055,5.25,301.3,6.3,0.0,0.975,2
1620456910,7997.25,0.0,0.0,1463.5,57.0,1464.5,0.0,1.0,4.9,4.625,282.2,6.3,0.0,0.925,2
1620456920,8047.25,0.5,0.0,1473.25,58.9,1474.25,5.0,1.0,4.879999999999927,5.0,286.0,5.9375,0.0,0.975,2
1620456930,8097.25,0.5,0.0,1482.25,58.9,1483.5,0.0,0.2,4.890000000000055,5.0,293.7,6.25,0.0,0.9,2
1620456940,8146.0,0.0,0.0,1492.0,59.7,1493.25,0.0,0.2,4.9,4.875,291.1,6.3125,0.0,0.975,2
1620456950,8193.5,0.05,0.0,1501.5,58.8,1502.5,0.5,0.0,4.8800000000000185,4.75,289.2,6.1875,0.0,0.95,2
1620456960,8242.25,0.45,0.0,1511.25,58.5,1512.25,5.0,0.0,4.8699999999999815,4.875,283.9,6.075,0.0,0.975,2
1620456970,8292.25,0.45,0.0,1520.25,59.3,1521.5,0.0,0.5,4.859999999999945,5.0,295.7,6.1875,0.0,0.9,2
1620456980,8341.0,0.025,0.0,1530.25,59.5,1531.25,0.25,0.5,4.9,4.875,289.5,6.3,0.0,1.0,2
1620456990,8387.25,0.475,0.0,1539.25,55.5,1540.5,5.0,0.1,4.890000000000055,4.625,274.8,5.9375,0.0,0.9,2
1620457000,8441.0,0.475,0.0,1549.0,62.1,1550.25,0.0,0.1,4.859999999999945,5.375,303.5,6.2375,0.0,0.975,2
1620457010,8487.25,0.0,0.0,1558.25,56.2,1559.25,0.0,0.5,4.85,4.625,277.7,6.2375,0.0,0.925,2
1620457020,8536.0,0.5,0.0,1568.0,59.1,1569.0,5.0,0.0,4.870000000000073,4.875,288.7,5.875,0.0,0.975,2
1620457030,8587.25,0.5,0.0,1577.25,59.3,1578.25,0.0,0.0,4.869999999999891,5.125,293.8,6.2625,0.0,0.925,2
1620457040,8633.5,0.0,0.0,1586.5,57.8,1588.0,0.0,0.0,4.860000000000037,4.625,282.8,6.2625,0.0,0.925,2
1620457050,8682.25,0.5,0.0,1596.25,58.1,1597.25,5.0,0.0,4.880000000000109,4.875,282.9,5.9375,0.0,0.975,2
1620457060,8698.0,0.5,0.0,1599.0,17.4,1600.0,3.0,0.0,4.889999999999963,1.575,121.6,3.875,0.0,0.275,2
1620457070,8698.0,0.0,0.0,1599.0,0.0,1600.0,3.0,0.0,4.889999999999963,0.0,55.4,0.9375,0.0,0.0,2
1620457080,8698.0,0.0,0.0,1599.0,0.0,1600.0,3.0,0.0,4.889999999999963,0.0,51.0,0.0,0.0,0.0,2
1620457090,8715.5,5.75,0.0,1599.5,31.3,1600.5,60.5,0.4,4.870000000000073,1.75,222.8,3.3375,0.0,0.05,2
1620457100,8913.5,5.75,0.0,1605.5,112.2,1606.5,3.0,0.1,4.910000000000037,19.8,650.8,14.65,0.0,0.6,2
1620457110,8976.0,0.2,0.0,1615.25,60.4,1616.25,5.0,0.1,4.9,6.25,296.1,14.5,0.0,0.975,2
1620457120,9027.25,0.2,0.0,1624.25,58.3,1625.25,0.0,0.0,4.889999999999963,5.125,292.6,6.4,0.0,0.9,2
1620457130,9076.0,0.0,0.0,1634.0,59.3,1635.25,0.0,0.1,4.879999999999927,4.875,285.9,6.2125,0.0,0.975,2
1620457140,9122.25,0.5,0.0,1643.25,56.5,1644.25,5.0,0.1,4.910000000000037,4.625,277.9,5.9375,0.0,0.925,2
1620457150,9173.5,0.5,0.0,1652.5,60.2,1654.0,0.0,0.5,4.879999999999927,5.125,299.3,6.2125,0.0,0.925,2
1620457160,9222.25,0.075,0.0,1662.25,57.8,1663.25,0.75,0.5,4.9,4.875,282.0,6.2125,0.0,0.975,2
1620457170,9268.75,0.275,0.0,1671.25,57.5,1672.5,3.5,0.0,4.880000000000109,4.65,285.5,6.0,0.0,0.9,2
1620457180,9321.0,0.275,0.0,1681.0,60.3,1682.25,0.0,0.0,4.869999999999891,5.225,293.5,6.2375,0.0,0.975,2
1620457190,9367.25,0.5,0.0,1690.25,56.5,1691.25,5.0,0.1,4.880000000000109,4.625,278.3,6.1,0.0,0.925,2
1620457200,9418.5,0.5,0.0,1699.5,57.6,1700.5,0.0,0.1,4.869999999999891,5.125,286.2,5.9875,0.0,0.925,2
1620457210,9466.0,0.5,0.0,1709.0,59.0,1710.25,5.0,0.0,4.910000000000037,4.75,290.0,6.125,0.0,0.95,2
1620457220,9517.25,0.5,0.0,1718.25,58.4,1719.25,0.0,0.0,4.870000000000073,5.125,289.4,6.225,0.0,0.925,2
1620457300,9563.5,0.0,0.0,1727.5,57.8,1728.5,0.0,0.3,4.869999999999891,4.625,284.3,6.1875,0.0,0.925,2
1620457310,9612.75,0.45,0.0,1737.25,58.2,1738.25,4.5,0.3,4.880000000000109,4.925,281.8,5.9625,0.0,0.975,2
1620457320,9662.25,0.45,0.0,1746.25,58.3,1747.5,0.0,0.0,4.889999999999963,4.95,291.9,6.15,0.0,0.9,2
1620457330,9708.5,0.5,0.0,1755.5,58.2,1757.0,5.0,0.1,4.860000000000037,4.625,288.2,6.2625,0.0,0.925,2
1620457340,9762.25,0.5,0.0,1765.25,59.7,1766.25,0.0,0.1,4.879999999999927,5.375,291.1,6.2125,0.0,0.975,2
1620457350,9807.25,0.375,0.0,1774.25,55.8,1775.5,3.75,0.0,4.889999999999963,4.5,274.8,6.0375,0.0,0.9,2
1620457360,9858.5,0.375,0.0,1783.5,60.9,1785.25,0.0,0.0,4.910000000000037,5.125,301.4,6.225,0.0,0.925,2
1620457370,9907.25,0.0,0.0,1793.25,56.9,1794.25,0.0,0.0,4.85,4.875,279.6,6.225,0.0,0.975,2
1620457380,9957.25,0.25,0.0,1803.25,61.0,1804.25,2.5,0.1,4.85,5.0,296.5,6.0,0.0,1.0,2
1620457390,10005.5,0.25,0.0,1812.25,57.1,1813.25,1.75,0.1,4.880000000000109,4.825,281.5,6.2,0.0,0.9,2
1620457400,10053.5,0.25,0.0,1821.5,57.4,1822.5,1.25,0.0,4.909999999999855,4.8,284.1,6.1,0.0,0.925,2
1620457410,10102.0,0.25,0.0,1830.5,59.6,1832.25,0.75,0.0,4.880000000000109,4.85,296.8,6.325,0.0,0.9,2
1620457420,10152.25,0.075,0.0,1840.25,57.6,1841.25,1.5,0.0,4.869999999999891,5.025,282.6,6.2125,0.0,0.975,2
1620457430,10199.0,0.175,0.0,1849.25,56.8,1850.25,3.25,0.0,4.9,4.675,282.2,5.95,0.0,0.9,2
1620457440,10248.5,0.175,0.0,1858.5,58.7,1859.5,0.0,0.7,4.890000000000145,4.95,291.6,6.175,0.0,0.925,2
1620457450,10295.5,0.225,0.0,1868.25,59.5,1869.25,2.25,0.7,4.879999999999927,4.7,287.1,6.2375,0.0,0.975,2
1620457460,10347.25,0.225,0.0,1877.25,56.8,1878.25,2.0,0.1,4.889999999999963,5.175,284.4,6.1375,0.0,0.9,2
1620457470,10396.5,0.0,0.0,1886.5,58.3,1887.5,2.0,0.1,4.9,4.925,288.4,6.175,0.0,0.925,2
1620457480,10443.5,0.025,0.0,1895.5,58.0,1897.25,2.25,0.0,4.889999999999963,4.7,286.6,6.2375,0.0,0.9,2
1620457490,10496.0,0.025,0.0,1905.0,58.0,1906.0,0.0,0.0,4.910000000000037,5.25,286.6,15.925,0.0,0.95,2
1620457500,10526.0,0.3333333333333333,0.0,1911.0,58.0,1912.0,3.333333333333333,0.5,4.85,3.0,286.6,15.925,0.0,0.6,2
1620457510,10568.5,0.3333333333333333,0.0,1919.0,3175.4,1920.0,2.5,0.5,4.860000000000037,4.25,15542.0,27.908333333333303,0.0,0.8,2
1620457520,10616.0,0.0,0.0,1928.0,57.3,1929.25,2.5,0.0,4.9,4.75,285.8,18.158333333333303,0.0,0.9,2
1620457530,10666.0,0.0,0.0,1937.5,59.0,1938.75,2.5,0.0,4.879999999999927,5.0,287.0,6.1375,0.0,0.95,2
1620457540,10714.75,0.0,0.0,1946.75,57.8,1948.0,2.0,0.0,4.870000000000073,4.875,285.1,6.1375,0.0,0.925,2
1620457550,10763.5,0.05,0.0,1956.0,57.4,1957.0,2.5,0.0,4.889999999999963,4.875,285.1,6.1375,0.0,0.925,2
1620457560,10812.25,0.05,0.0,1965.25,58.6,1966.5,0.25,0.3,4.870000000000073,4.875,291.7,6.2,0.0,0.925,2
1620457570,10861.5,0.3,0.0,1974.75,58.0,1975.75,3.25,0.2,4.9,4.925,285.3,6.1375,0.0,0.95,2
1620457580,10911.0,0.3,0.0,1984.0,57.9,1985.0,1.25,0.5,4.860000000000037,4.95,284.5,6.075,0.0,0.925,2
1620457590,1183.0,0.0,0.0,230.5,59.1,230.5,0.5,0.2,3.829999999999996,5.0,286.9,6.05,0.0,0.975,3
1620457600,1231.0,0.2,0.0,240.5,61.0,240.5,2.5,0.2,3.870000000000005,4.8,295.0,6.1375,0.0,1.0,3
1620457610,1283.0,0.2,0.0,250.5,62.7,250.5,0.5,0.0,3.85,5.2,307.6,6.4625,0.0,1.0,3
1620457620,1330.0,0.05,0.0,260.0,59.0,260.0,1.0,0.5,3.8200000000000047,4.7,291.1,6.4125,0.0,0.95,3
1620457630,1377.75,0.05,0.0,269.5,60.2,270.0,0.75,0.5,3.829999999999996,4.775,293.0,6.3,0.0,0.95,3
1620457640,1428.5,0.05,0.0,279.5,59.8,279.5,0.0,0.0,4.109999999999991,5.075,288.9,6.25,0.0,1.0,3
1620457650,1477.75,0.075,0.0,289.5,61.0,289.5,0.75,0.0,4.570000000000005,4.925,296.8,6.15,0.0,1.0,3
1620457660,1524.75,0.075,0.0,299.5,63.3,299.5,0.0,0.0,4.8900000000000095,4.7,310.7,6.525,0.0,1.0,3
1620457670,1573.5,0.0,0.0,309.5,62.0,309.5,0.0,0.2,4.9,4.875,302.0,6.6625,0.0,1.0,3
1620457680,1623.5,0.0,0.0,319.5,60.9,319.5,0.0,0.2,4.909999999999991,5.0,294.9,6.375,0.0,1.0,3
1620457690,1673.5,0.0,0.0,329.5,61.0,329.5,0.0,0.0,4.920000000000004,5.0,294.1,6.2375,0.0,1.0,3
1620457700,1721.0,0.0,0.0,339.0,59.6,339.5,0.0,0.0,4.9,4.75,292.1,6.25,0.0,0.95,3
1620457710,1768.5,0.0,0.0,348.5,58.3,349.0,0.0,0.0,4.8700000000000045,4.75,287.2,6.125,0.0,0.95,3
1620457720,1818.5,0.0,0.0,358.5,59.1,358.5,0.0,0.0,4.859999999999991,5.0,284.9,5.95,0.0,1.0,3
1620457730,1868.5,0.0,0.0,368.5,60.9,368.5,0.0,0.0,4.85,5.0,295.0,6.0625,0.0,1.0,3
1620457740,1918.5,0.0,0.0,378.5,61.0,378.5,0.0,0.0,4.879999999999996,5.0,294.9,6.2375,0.0,1.0,3
1620457750,1966.0,0.0,0.0,388.0,59.5,388.25,0.0,0.0,4.920000000000004,4.75,293.9,6.25,0.0,0.95,3
1620457760,2012.25,0.0,0.0,397.25,56.3,397.75,0.0,0.0,4.9,4.625,275.8,5.9375,0.0,0.925,3
1620457770,2021.0,0.0,0.0,399.0,8.0,399.0,0.0,0.0,4.859999999999991,0.875,78.1,3.125,0.0,0.175,3
1620457780,2021.0,0.0,0.0,399.0,0.0,399.0,0.0,0.0,4.85,0.0,51.4,0.3125,0.0,0.0,3
1620457790,2021.0,0.0,0.0,399.0,0.9,399.0,0.0,0.0,4.8800000000000185,0.0,55.7,0.0,0.0,0.0,3
1620457800,2152.5,1.725,0.0,401.75,86.0,401.75,17.25,0.5,4.889999999999986,13.15,531.0,9.325,0.0,0.275,3
1620457810,2256.0,1.725,0.0,411.0,77.9,411.0,5.0,0.5,4.8700000000000045,10.35,402.5,14.8625,0.0,0.925,3
1620457820,2306.5,1.725,0.0,420.5,60.2,420.5,2.0,0.5,4.8699999999999815,5.05,296.3,8.7875,0.0,0.95,3
1620457830,2358.5,1.725,0.0,430.5,62.0,430.5,0.0,0.5,4.910000000000037,5.2,302.1,6.5,0.0,1.0,3
1620457840,2406.0,0.0,0.0,440.0,58.3,440.0,0.0,0.5,4.879999999999972,4.75,287.3,6.25,0.0,0.95,3
1620457850,2453.5,0.0,0.0,449.5,58.3,449.5,0.0,0.5,4.840000000000009,4.75,287.1,6.0,0.0,0.95,3
1620457860,2503.5,0.0,0.0,459.5,60.8,459.5,0.0,0.5,4.840000000000009,5.0,291.8,6.125,0.0,1.0,3
1620457870,2551.0,0.0,0.0,469.0,59.7,469.5,0.0,0.1,4.8699999999999815,4.75,289.1,6.1875,0.0,0.95,3
1620457880,2598.5,0.0,0.0,478.5,58.4,479.0,0.0,0.1,4.9,4.75,286.9,6.0625,0.0,0.95,3
1620457890,2648.5,0.0,0.0,488.5,58.8,488.5,0.0,0.0,4.8800000000000185,5.0,287.3,6.0,0.0,1.0,3
1620457900,2696.0,0.125,0.0,498.0,59.7,498.25,1.25,0.0,4.9,4.75,292.1,6.125,0.0,0.95,3
1620457910,2743.5,0.375,0.0,507.5,58.2,508.0,5.0,0.0,4.8900000000000095,4.75,284.8,6.125,0.0,0.95,3
1620457920,2793.5,0.0,0.0,517.5,59.5,517.5,5.0,0.0,4.9,5.0,286.6,6.0,0.0,1.0,3
1620457930,2844.75,0.0,0.0,527.0,62.1,527.25,1.25,0.0,4.85,5.125,308.2,6.4125,0.0,0.95,3
1620457940,2893.5,0.0,0.0,536.5,58.3,537.0,0.0,0.2,4.85,4.875,286.2,6.4125,0.0,0.95,3
1620457950,2943.5,0.0,0.0,546.5,59.3,546.5,0.0,0.2,4.889999999999963,5.0,285.7,6.0,0.0,1.0,3
1620457960,2992.25,0.0,0.0,556.25,60.6,556.5,0.0,0.0,4.9,4.875,293.3,6.125,0.0,0.975,3
1620457970,3041.0,0.0,0.0,566.0,58.6,566.0,0.0,0.0,4.860000000000037,4.875,286.6,6.125,0.0,0.975,3
1620457980,3088.5,0.0,0.0,575.5,58.2,575.5,0.0,0.0,4.879999999999972,4.75,287.1,6.0,0.0,0.95,3
1620457990,3138.5,0.0,0.0,585.5,60.5,585.5,0.0,0.1,4.870000000000028,5.0,292.8,6.0625,0.0,1.0,3
1620458000,3186.0,0.075,0.0,595.0,58.9,595.0,0.75,0.1,4.85,4.75,287.8,6.125,0.0,0.95,3
1620458010,3233.5,0.425,0.0,604.5,54.5,604.5,5.0,0.0,4.889999999999963,4.75,262.9,5.625,0.0,0.95,3
1620458020,3284.75,0.425,0.0,614.25,62.5,614.5,1.25,0.0,4.860000000000037,5.125,305.5,5.925,0.0,0.975,3
1620458030,3333.5,0.425,0.0,623.5,58.5,624.0,0.0,0.0,4.879999999999972,4.875,289.3,6.45,0.0,0.925,3
1620458040,3383.5,0.0,0.0,633.5,59.0,633.5,0.0,0.0,4.920000000000028,5.0,285.9,6.0875,0.0,1.0,3
1620458050,3433.5,0.0,0.0,643.5,60.5,643.5,0.0,0.0,4.909999999999991,5.0,291.1,6.0625,0.0,1.0,3
1620458060,3481.0,0.0,0.0,653.0,58.2,653.0,0.0,0.0,4.85,4.75,285.7,6.0625,0.0,0.95,3
1620458070,3528.5,0.0,0.0,662.5,58.2,662.5,0.0,0.0,4.8900000000000095,4.75,286.1,6.0,0.0,0.95,3
1620458080,3578.5,0.0,0.0,672.5,61.0,672.5,0.0,0.0,4.9,5.0,296.7,6.125,0.0,1.0,3
1620458090,3626.0,0.25,0.0,682.0,58.1,682.0,2.5,0.8,4.889999999999963,4.75,284.2,6.0875,0.0,0.95,3
1620458100,3673.5,0.125,0.0,691.5,58.5,691.5,3.75,0.8,4.9,4.75,285.5,6.0,0.0,0.95,3
1620458110,3723.5,0.125,0.0,701.5,63.4,701.5,1.25,0.8,4.8900000000000095,5.0,310.4,6.475,0.0,1.0,3
1620458120,3773.5,0.125,0.0,711.5,61.4,711.5,0.0,0.0,4.9,5.0,299.7,6.625,0.0,1.0,3
1620458130,3821.0,0.275,0.0,721.0,59.2,721.5,2.75,0.0,4.909999999999991,4.75,288.6,6.25,0.0,0.95,3
1620458140,3868.5,0.175,0.0,730.5,58.3,731.0,4.5,0.0,4.840000000000009,4.75,282.7,6.0625,0.0,0.95,3
1620458150,3918.5,0.05,0.0,740.5,59.4,740.5,5.0,0.0,4.859999999999991,5.0,288.9,6.0,0.0,1.0,3
1620458160,3967.25,0.0,0.0,750.25,60.2,750.5,5.0,0.0,4.9,4.875,293.4,6.0625,0.0,0.975,3
1620458170,4017.5,0.0,0.0,759.5,59.9,760.0,1.0,0.4,4.910000000000037,5.025,300.5,6.4125,0.0,0.925,3
1620458180,4068.5,0.0,0.0,769.5,59.6,769.5,0.0,0.4,4.85,5.1,286.1,6.35,0.0,1.0,3
1620458190,4117.25,0.0,0.0,779.25,60.7,779.5,0.0,0.0,4.9,4.875,294.8,6.125,0.0,0.975,3
1620458200,4163.5,0.0,0.0,788.75,58.4,789.0,0.0,0.0,4.85,4.625,285.4,6.125,0.0,0.95,3
1620458210,4209.75,0.0,0.0,797.75,52.6,797.75,0.0,0.0,4.859999999999991,4.625,261.5,5.625,0.0,0.9,3
1620458220,4216.0,0.0,0.0,799.0,7.0,799.0,0.0,0.0,4.8699999999999815,0.625,73.8,2.9375,0.0,0.125,3
1620458230,4216.0,0.0,0.0,799.0,0.0,799.0,0.0,0.0,4.859999999999991,0.0,54.3,0.3125,0.0,0.0,3
1620458240,4216.0,0.0,0.0,799.0,0.9,799.0,0.0,0.0,4.890000000000055,0.0,54.0,0.0,0.0,0.0,3
1620458250,4325.75,1.725,0.0,802.0,83.4,802.0,17.25,0.4,4.879999999999927,10.975,510.6,8.8375,0.0,0.3,3
1620458260,4458.5,1.725,0.0,811.5,87.6,811.5,0.0,0.4,4.9,13.275,461.4,15.525,0.0,0.95,3
1620458270,4506.0,0.1,0.0,821.0,59.9,821.5,1.0,0.0,4.890000000000055,4.75,290.7,9.8125,0.0,0.95,3
1620458280,4553.5,0.175,0.0,830.5,57.4,831.0,2.75,0.0,4.8699999999999815,4.75,279.8,6.0625,0.0,0.95,3
1620458290,4603.5,0.225,0.0,840.5,59.6,840.5,5.0,0.0,4.8699999999999815,5.0,290.3,5.9375,0.0,1.0,3
1620458300,4651.5,0.225,0.0,850.0,60.2,850.25,4.5,0.0,4.919999999999982,4.8,296.8,6.2125,0.0,0.95,3
1620458310,4703.5,0.225,0.0,859.5,60.1,859.5,0.0,0.1,4.8800000000000185,5.2,297.8,6.4625,0.0,0.95,3
1620458320,4753.5,0.0,0.0,869.5,59.9,869.5,0.0,0.1,4.890000000000055,5.0,287.8,6.2625,0.0,1.0,3
1620458330,4801.0,0.0,0.0,879.0,58.6,879.0,0.0,0.4,4.879999999999927,4.75,287.8,6.025,0.0,0.95,3
1620458340,4848.5,0.0,0.0,888.5,57.7,888.5,0.0,0.6,4.9,4.75,283.0,5.9375,0.0,0.95,3
1620458350,4896.0,0.125,0.0,898.0,59.1,898.25,1.25,0.6,4.890000000000055,4.75,289.4,6.05,0.0,0.95,3
1620458360,4947.25,0.0,0.0,907.5,59.3,907.5,1.25,0.7,4.8699999999999815,5.125,292.5,6.275,0.0,0.95,3
1620458370,4998.5,0.0,0.0,917.5,61.0,917.5,0.0,0.7,4.860000000000037,5.125,293.6,6.3,0.0,1.0,3
1620458380,5046.0,0.0,0.0,927.0,58.9,927.0,0.0,0.5,4.909999999999945,4.75,289.1,6.2125,0.0,0.95,3
1620458390,5093.5,0.0,0.0,936.5,57.7,936.5,0.0,0.5,4.890000000000055,4.75,284.6,6.0,0.0,0.95,3
1620458400,5139.333333333333,0.0,0.0,945.6666666666666,57.7,945.6666666666666,0.0,0.5,4.85,4.583333333333303,284.6,11.045833333333348,0.0,0.9166666666666629,3
1620458410,5179.75,0.125,0.0,953.75,1522.8,953.75,1.25,0.5,4.919999999999982,4.041666666666697,7345.3,11.045833333333348,0.0,0.8083333333333371,3
1620458420,5226.0,0.375,0.0,963.0,56.5,963.0,5.0,1.5,4.8800000000000185,4.625,277.8,10.983333333333348,0.0,0.925,3
1620458430,5275.75,0.375,0.0,973.0,61.8,973.0,3.25,1.5,4.879999999999927,4.975,299.0,6.1375,0.0,1.0,3
1620458440,5329.75,0.375,0.0,982.75,60.9,982.75,0.0,0.0,4.870000000000073,5.4,298.5,6.4875,0.0,0.975,3
1620458450,5376.0,0.0,0.0,992.0,56.4,992.0,0.0,0.1,4.879999999999927,4.625,279.0,6.1125,0.0,0.925,3
1620458460,5424.75,0.25,0.0,1001.75,56.6,1001.75,2.5,0.1,4.8800000000000185,4.875,271.0,5.5625,0.0,0.975,3
1620458470,5471.0,0.25,0.0,1011.0,56.7,1011.0,5.0,0.1,4.9,4.625,277.9,5.6125,0.0,0.925,3
1620458480,5523.5,0.25,0.0,1020.75,61.7,1020.75,1.25,0.5,4.8800000000000185,5.25,303.6,6.25,0.0,0.975,3
1620458490,5571.0,0.25,0.0,1030.0,57.4,1030.0,0.0,0.5,4.839999999999963,4.75,283.9,6.3125,0.0,0.925,3
1620458500,5619.75,0.0,0.0,1039.75,60.0,1040.0,0.0,0.0,4.890000000000055,4.875,292.3,6.1125,0.0,0.975,3
1620458510,5666.0,0.275,0.0,1049.0,57.0,1049.5,2.75,0.4,4.85,4.625,278.9,6.0625,0.0,0.925,3
1620458520,5717.25,0.275,0.0,1058.75,60.1,1059.0,2.5,0.4,4.859999999999945,5.125,293.4,6.0875,0.0,0.975,3
1620458530,5766.0,0.275,0.0,1068.0,58.3,1068.0,0.0,0.5,4.860000000000037,4.875,291.3,6.25,0.0,0.925,3
1620458540,5814.75,0.25,0.0,1077.75,59.6,1078.0,2.5,0.5,4.8800000000000185,4.875,287.7,6.175,0.0,0.975,3
1620458550,5861.5,0.075,0.0,1087.0,57.1,1087.25,3.25,0.0,4.8800000000000185,4.675,280.8,6.025,0.0,0.925,3
1620458560,5914.75,0.075,0.0,1096.75,61.1,1097.0,0.0,0.0,4.859999999999945,5.325,298.2,6.225,0.0,0.975,3
1620458570,5961.0,0.0,0.0,1106.0,56.5,1106.5,0.0,0.0,4.860000000000037,4.625,278.0,6.1375,0.0,0.925,3
1620458580,6011.0,0.25,0.0,1116.0,59.0,1116.0,2.5,0.0,4.859999999999945,5.0,286.6,5.8125,0.0,1.0,3
1620458590,6057.25,0.0,0.0,1125.0,57.6,1125.5,2.5,0.5,4.9,4.625,286.4,5.95,0.0,0.9,3
1620458600,6109.75,0.0,0.0,1134.75,60.1,1135.0,0.0,0.5,4.890000000000055,5.25,291.8,6.2125,0.0,0.975,3
1620458610,6156.0,0.0,0.0,1144.0,58.1,1144.75,0.0,0.0,4.85,4.625,285.2,6.2625,0.0,0.925,3
1620458620,6204.75,0.425,0.0,1153.75,58.3,1154.0,4.25,0.0,4.909999999999945,4.875,285.4,6.0,0.0,0.975,3
1620458630,6254.75,0.425,0.0,1163.0,59.2,1163.5,0.25,0.0,4.9,5.0,293.2,6.125,0.0,0.925,3
1620458640,6306.0,0.425,0.0,1173.0,59.4,1173.0,0.0,0.4,4.9,5.125,289.1,6.225,0.0,1.0,3
1620458650,6352.25,0.125,0.0,1182.25,58.6,1182.75,1.25,0.4,4.860000000000037,4.625,284.7,6.0875,0.0,0.925,3
1620458660,6401.0,0.375,0.0,1192.0,57.7,1192.0,5.0,0.0,4.889999999999963,4.875,283.5,5.9875,0.0,0.975,3
1620458670,6434.333333333333,0.375,0.0,1198.3333333333333,57.7,1198.3333333333333,1.3333333333333333,0.0,4.9,3.333333333333303,283.5,6.904166666666652,0.0,0.6333333333333258,3
1620458680,6441.0,0.375,0.0,1199.0,1890.1,1199.0,0.0,0.0,4.920000000000073,0.6666666666666969,9099.9,6.904166666666652,0.0,0.0666666666666742,3
1620458690,6441.0,0.0,0.0,1199.0,0.0,1199.0,0.0,0.0,4.879999999999927,0.0,49.9,3.966666666666652,0.0,0.0,3
1620458700,6444.75,4.0,0.0,1199.25,6.7,1199.25,40.0,0.4,4.840000000000055,0.375,85.8,0.6125,0.0,0.025,3
1620458710,6536.75,5.5,0.0,1202.5,76.3,1202.5,95.0,0.2,4.939999999999964,9.2,465.2,8.425,0.0,0.325,3
1620458720,6683.5,5.5,0.0,1210.5,89.1,1210.5,1.5,0.2,4.9,14.675,489.2,15.3875,0.0,0.8,3
1620458730,6728.5,0.325,0.0,1219.75,59.3,1220.5,4.75,0.0,4.9,4.5,292.2,10.7,0.0,0.925,3
1620458740,6782.5,0.325,0.0,1229.5,59.0,1229.5,1.0,0.0,4.85,5.4,287.2,6.2375,0.0,0.975,3
1620458750,6828.5,0.325,0.0,1238.5,58.7,1239.25,0.0,0.0,4.9,4.6,290.5,6.225,0.0,0.9,3
1620458760,6878.5,0.25,0.0,1248.5,57.6,1248.5,2.5,0.0,4.8699999999999815,5.0,279.4,5.9875,0.0,1.0,3
1620458770,6924.75,0.125,0.0,1257.75,59.7,1258.25,3.75,0.4,4.840000000000055,4.625,297.3,6.075,0.0,0.925,3
1620458780,6978.5,0.125,0.0,1267.5,59.1,1267.5,0.0,0.4,4.8699999999999815,5.375,287.6,6.3,0.0,0.975,3
1620458790,7024.75,0.0,0.0,1276.75,59.3,1277.5,0.0,0.0,4.8800000000000185,4.625,289.2,6.1625,0.0,0.925,3
1620458800,7073.5,0.45,0.0,1286.5,56.6,1286.5,4.5,0.0,4.95,4.875,276.1,5.9375,0.0,0.975,3
1620458810,7122.25,0.45,0.0,1295.75,58.4,1296.0,3.75,0.0,4.830000000000018,4.875,289.6,5.9625,0.0,0.925,3
1620458820,7159.333333333333,0.45,0.0,1302.6666666666667,58.4,1303.3333333333333,3.333333333333333,0.0,4.859999999999945,3.708333333333303,289.6,5.9625,0.0,0.6916666666666742,3
1620458830,7211.0,0.45,0.0,1312.0,2220.9,1312.25,0.0,0.0,4.85,5.166666666666697,10788.3,19.975,0.0,0.9333333333333258,3
1620458840,7257.25,0.0,0.0,1321.25,58.5,1321.75,0.0,0.0,4.9,4.625,289.4,19.95,0.0,0.925,3
1620458850,7306.0,0.15,0.0,1331.0,58.1,1331.25,1.5,0.0,4.8800000000000185,4.875,282.1,6.0,0.0,0.975,3
1620458860,7353.0,0.15,0.0,1340.25,57.7,1340.75,3.0,0.5,4.919999999999982,4.7,284.8,5.9125,0.0,0.925,3
1620458870,7406.0,0.15,0.0,1350.0,60.6,1350.25,0.0,0.5,4.930000000000018,5.3,298.2,6.2625,0.0,0.975,3
1620458880,7452.25,0.0,0.0,1359.25,57.8,1359.75,0.0,0.2,4.9,4.625,284.1,6.275,0.0,0.925,3
1620458890,7501.0,0.5,0.0,1369.0,58.6,1369.25,5.0,0.2,4.889999999999963,4.875,283.6,5.9875,0.0,0.975,3
1620458900,7552.25,0.5,0.0,1378.25,60.4,1378.75,0.0,0.4,4.840000000000055,5.125,302.9,6.325,0.0,0.925,3
1620458910,7601.0,0.0,0.0,1388.0,58.5,1388.25,0.0,0.4,4.930000000000018,4.875,284.0,6.3125,0.0,0.975,3
1620458920,7648.5,0.125,0.0,1397.5,58.9,1397.75,1.25,0.1,4.8699999999999815,4.75,286.9,6.075,0.0,0.95,3
1620458930,7701.0,0.125,0.0,1407.0,60.8,1407.0,0.0,0.1,4.8800000000000185,5.25,302.3,6.45,0.0,0.95,3
1620458940,7747.25,0.0,0.0,1416.25,56.8,1416.25,0.0,0.0,4.889999999999963,4.625,278.5,6.3,0.0,0.925,3
1620458950,7794.75,0.5,0.0,1426.0,59.1,1426.0,5.0,0.0,4.889999999999963,4.75,288.6,5.9375,0.0,0.975,3
1620458960,7846.0,0.5,0.0,1435.25,59.2,1435.25,0.0,0.3,4.8800000000000185,5.125,295.8,6.2375,0.0,0.925,3
1620458970,7893.5,0.0,0.0,1444.75,59.3,1445.0,0.0,0.3,4.860000000000037,4.75,287.0,6.3,0.0,0.95,3
1620458980,7941.0,0.3,0.0,1454.25,57.1,1454.25,3.0,0.0,4.859999999999945,4.75,280.4,6.0,0.0,0.95,3
1620458990,7989.25,0.075,0.0,1463.75,59.8,1464.0,3.75,0.0,4.870000000000073,4.825,294.2,6.1125,0.0,0.95,3
1620459000,8041.0,0.075,0.0,1473.25,59.0,1473.25,0.0,0.0,4.8699999999999815,5.175,291.9,6.3,0.0,0.95,3
1620459010,8088.5,0.0,0.0,1482.5,58.0,1483.0,0.0,0.0,4.85,4.75,282.2,6.125,0.0,0.925,3
1620459020,8136.0,0.5,0.0,1492.0,57.4,1492.25,5.0,0.0,4.9,4.75,281.7,5.9375,0.0,0.95,3
1620459030,8187.25,0.5,0.0,1501.25,56.8,1501.25,1.25,0.0,4.889999999999963,5.125,280.5,5.925,0.0,0.925,3
1620459040,8233.5,0.25,0.0,1510.5,58.0,1511.0,3.75,0.0,4.860000000000037,4.625,286.2,5.9875,0.0,0.925,3
1620459050,8286.0,0.25,0.0,1520.0,59.9,1520.25,0.0,0.2,4.85,5.25,295.2,6.2375,0.0,0.95,3
1620459060,8332.25,0.0,0.0,1529.5,58.8,1529.75,0.0,0.2,4.859999999999945,4.625,287.2,6.3,0.0,0.95,3
1620459070,8381.0,0.5,0.0,1539.0,57.5,1539.25,5.0,0.0,4.8800000000000185,4.875,282.0,6.0,0.0,0.95,3
1620459080,8432.25,0.5,0.0,1548.25,59.9,1548.75,0.0,0.5,4.890000000000055,5.125,298.7,6.25,0.0,0.925,3
1620459090,8481.0,0.0,0.0,1558.0,58.7,1558.0,0.0,0.5,4.889999999999963,4.875,286.2,6.3125,0.0,0.975,3
1620459100,8527.25,0.35,0.0,1567.25,57.8,1567.75,3.5,0.0,4.870000000000073,4.625,281.7,6.0,0.0,0.925,3
1620459110,8577.5,0.0,0.0,1577.0,58.8,1577.0,3.5,0.0,4.869999999999891,5.025,288.4,6.025,0.0,0.975,3
1620459120,8627.25,0.0,0.0,1586.25,59.3,1586.5,0.0,0.5,4.880000000000109,4.975,294.4,6.2375,0.0,0.925,3
1620459130,8676.0,0.125,0.0,1596.0,58.8,1596.0,1.25,0.5,4.909999999999855,4.875,286.4,6.2125,0.0,0.975,3
1620459140,8691.0,0.375,0.0,1599.0,17.2,1599.0,5.0,0.0,4.880000000000109,1.5,118.2,3.8125,0.0,0.3,3
1620459150,8691.0,0.0,0.0,1599.0,0.0,1599.0,5.0,0.0,4.9,0.0,50.0,0.8125,0.0,0.0,3
1620459160,8691.0,0.0,0.0,1599.0,0.3,1599.0,5.0,0.0,4.869999999999891,0.0,53.2,0.0,0.0,0.0,3
1620459170,8717.5,14.925,0.0,1600.25,23.4,1600.5,154.25,0.5,4.880000000000109,2.65,170.6,2.025,0.0,0.125,3
1620459180,8882.5,14.925,0.0,1606.75,110.0,1606.75,36.25,0.5,4.85,16.5,631.6,12.875,0.0,0.65,3
1620459190,8967.25,14.925,0.0,1615.25,70.5,1615.25,5.0,0.1,4.860000000000037,8.475,372.7,15.8125,0.0,0.85,3
1620459200,9021.0,14.925,0.0,1625.0,60.7,1625.0,0.0,0.1,4.889999999999963,5.375,293.8,8.2,0.0,0.975,3
1620459210,9067.25,0.0,0.0,1634.25,56.5,1634.25,0.0,1.3,4.879999999999927,4.625,281.0,6.1125,0.0,0.925,3
1620459220,9116.0,0.5,0.0,1644.0,59.4,1644.0,5.0,1.3,4.85,4.875,287.3,5.9375,0.0,0.975,3
1620459230,9167.25,0.5,0.0,1653.25,59.1,1653.25,0.0,0.0,4.830000000000109,5.125,293.6,6.2875,0.0,0.925,3
1620459240,9214.75,0.025,0.0,1662.75,58.9,1663.0,0.25,0.0,4.879999999999927,4.75,287.3,6.2875,0.0,0.95,3
1620459250,9262.25,0.225,0.0,1672.0,56.7,1672.0,2.5,0.0,4.870000000000073,4.75,279.3,6.0,0.0,0.925,3
1620459260,9312.25,0.225,0.0,1681.25,59.1,1681.25,0.0,0.0,4.869999999999891,5.0,294.3,6.15,0.0,0.925,3
1620459270,9359.75,0.5,0.0,1691.0,58.4,1691.0,5.0,0.0,4.889999999999963,4.75,283.6,6.15,0.0,0.975,3
1620459280,9408.5,0.5,0.0,1699.75,57.2,1700.0,1.25,0.4,4.9,4.875,289.1,6.1125,0.0,0.875,3
1620459290,9461.0,0.5,0.0,1709.0,58.5,1709.0,0.0,0.4,4.880000000000109,5.25,287.5,6.35,0.0,0.925,3
1620459300,9507.25,0.025,0.0,1718.25,56.9,1718.25,0.25,0.8,4.879999999999927,4.625,281.2,6.1125,0.0,0.925,3
1620459310,9556.0,0.35,0.0,1727.75,58.6,1728.0,3.75,0.8,4.889999999999963,4.875,288.0,6.0,0.0,0.95,3
1620459320,9607.25,0.35,0.0,1737.25,59.9,1737.25,0.0,0.8,4.910000000000037,5.125,295.3,6.2875,0.0,0.95,3
1620459330,9653.5,0.25,0.0,1746.5,57.8,1746.75,2.5,0.1,4.880000000000109,4.625,284.2,6.2125,0.0,0.925,3
1620459340,9702.25,0.125,0.0,1756.0,57.9,1756.0,3.75,0.1,4.909999999999855,4.875,281.9,6.0,0.0,0.95,3
1620459350,9752.25,0.125,0.0,1765.25,58.9,1765.25,0.0,0.5,4.870000000000073,5.0,294.5,6.2125,0.0,0.925,3
1620459360,9801.0,0.5,0.0,1775.0,58.9,1775.0,5.0,0.5,4.889999999999963,4.875,285.2,6.2,0.0,0.975,3
1620459370,9852.25,0.5,0.0,1784.25,59.0,1784.25,0.0,0.0,4.85,5.125,293.8,6.2125,0.0,0.925,3
1620459380,9897.25,0.175,0.0,1793.25,56.8,1793.75,1.75,0.5,4.839999999999963,4.5,279.6,6.15,0.0,0.9,3
1620459390,9949.75,0.175,0.0,1802.75,60.9,1802.75,0.0,0.5,4.910000000000037,5.25,301.9,6.375,0.0,0.95,3
1620459400,9996.0,0.5,0.0,1812.0,56.1,1812.0,5.0,0.8,4.880000000000109,4.625,277.6,6.2875,0.0,0.925,3
1620459410,10047.25,0.5,0.0,1821.25,59.1,1821.25,0.0,0.8,4.879999999999927,5.125,293.0,6.0875,0.0,0.925,3
1620459420,10092.25,0.5,0.0,1830.25,56.6,1830.75,5.0,0.0,4.889999999999963,4.5,279.5,6.175,0.0,0.9,3
1620459430,10144.75,0.5,0.0,1840.0,60.3,1840.0,0.0,0.5,4.880000000000109,5.25,294.8,6.1625,0.0,0.975,3
1620459440,10192.25,0.5,0.0,1849.25,56.7,1849.25,5.0,0.5,4.869999999999891,4.75,279.6,6.1625,0.0,0.925,3
1620459450,10242.25,0.5,0.0,1858.25,57.8,1858.25,0.0,1.0,4.889999999999963,5.0,291.3,6.0875,0.0,0.9,3
1620459460,10289.75,0.5,0.0,1867.75,58.2,1868.0,5.0,1.0,4.880000000000109,4.75,282.7,6.15,0.0,0.95,3
1620459470,10341.0,0.5,0.0,1877.0,59.1,1877.0,0.0,0.0,4.889999999999963,5.125,293.1,6.2375,0.0,0.925,3
1620459480,10387.25,0.5,0.0,1886.25,56.2,1886.25,5.0,0.0,4.929999999999927,4.625,274.9,6.1125,0.0,0.925,3
1620459490,10437.25,0.5,0.0,1895.25,58.8,1895.25,0.0,0.0,4.890000000000145,5.0,294.9,6.15,0.0,0.9,3
1620459500,10487.25,0.0,0.0,1905.25,58.8,1905.25,0.0,0.0,4.859999999999855,5.0,283.1,6.1375,0.0,1.0,3
1620459510,10532.25,0.375,0.0,1914.25,57.6,1914.75,3.75,0.5,4.890000000000145,4.5,283.1,5.8,0.0,0.9,3
1620459520,10586.0,0.375,0.0,1924.0,59.4,1924.0,0.0,0.5,4.869999999999891,5.375,292.6,6.1875,0.0,0.975,3
1620459530,10632.25,0.5,0.0,1933.25,56.5,1933.25,5.0,0.5,4.889999999999963,4.625,278.4,6.1625,0.0,0.925,3
1620459540,10682.25,0.5,0.0,1942.25,59.0,1942.5,0.0,0.0,4.880000000000109,5.0,294.9,6.2,0.0,0.9,3
1620459550,10729.75,0.4,0.0,1951.75,57.9,1952.0,4.0,0.5,4.879999999999927,4.75,283.9,6.225,0.0,0.95,3
1620459560,10782.25,0.4,0.0,1961.25,59.3,1961.25,0.0,0.5,4.889999999999963,5.25,293.1,6.1375,0.0,0.95,3
1620459570,10827.25,0.275,0.0,1970.25,55.7,1970.25,2.75,0.4,4.870000000000073,4.5,275.3,6.0875,0.0,0.9,3
1620459580,10879.75,0.275,0.0,1979.75,60.4,1979.75,0.0,0.4,4.839999999999963,5.25,297.0,6.175,0.0,0.95,3
